url,slug,producto_base,variante,marca,gama,deteccion,formato,acabado,zonas_adicionales,en_alcance,efecto_voluminizador,efecto_larga_duracion,efecto_transfer_proof,efecto_resistente_agua,efecto_hidratante,efecto_reparador,efecto_proteccion_solar,marca_pagina,nombre_pagina,n_ingredientes,n_puede_contener,n_funciones,n_subgrupos,segmentos_texto,marcador_puede_contener,texto_menciona_puede_contener,huella_formulacion,estado_extraccion
https://inkeedecoder.com/products/maybelline-color-sensational-ultimatte-neo-neutrals-slim-lipstick,maybelline-color-sensational-ultimatte-neo-neutrals-slim-lipstick,color-sensational-ultimatte-neo-neutrals-slim-lipstick,,maybelline,economica,explicita,barra,no_declarado,,True,False,False,False,False,False,False,False,Maybelline,Color Sensational Ultimatte Neo-Neutrals Slim Lipstick,23,11,9,1,23,True,True,92dc45f6762b,completo
https://inkeedecoder.com/products/catrice-butter-drippin-glossy-lip-balm-050-cherry-delicious,catrice-butter-drippin-glossy-lip-balm-050-cherry-delicious,butter-drippin-glossy-lip-balm,050-cherry-delicious,catrice,economica,explicita,balsamo,brillante,,True,False,False,False,False,False,False,False,Catrice,Butter Drippin' Glossy Lip Balm 050 Cherry Delicious,30,0,13,1,30,False,False,58c43d6eff08,completo
https://inkeedecoder.com/products/clinique-pop-plush-creamy-lip-gloss,clinique-pop-plush-creamy-lip-gloss,pop-plush-creamy-lip-gloss,,clinique,alta,explicita,gloss,brillante,,True,False,False,False,False,False,False,False,Clinique,Pop Plush Creamy Lip Gloss,25,16,13,1,25,True,True,a2846b233f64,completo
https://inkeedecoder.com/products/revolution-peptide-glaze-tinted-lip-serum,revolution-peptide-glaze-tinted-lip-serum,peptide-glaze-tinted-lip-serum,,revolution,economica,explicita,gloss,brillante,,True,False,False,False,False,False,False,False,Revolution,Peptide Glaze Tinted Lip Serum,26,0,11,1,27,False,False,cd04dc831516,completo
https://inkeedecoder.com/products/revlon-super-lustrous-tm-glimmer-gloss,revlon-super-lustrous-tm-glimmer-gloss,super-lustrous-tm-glimmer-gloss,,revlon,economica,contextual,gloss,brillante,,True,False,False,False,False,False,False,False,Revlon,Super Lustrous™ Glimmer Gloss,35,0,12,1,35,False,False,2fbcc2247bec,completo
https://inkeedecoder.com/products/essence-the-super-peptide-glossy-lip-butter-03-cozy-caramel-latte,essence-the-super-peptide-glossy-lip-butter-03-cozy-caramel-latte,the-super-peptide-glossy-lip-butter,03-cozy-caramel-latte,essence,economica,explicita,balsamo,brillante,,True,False,False,False,False,False,False,False,Essence,The Super Peptide Glossy Lip Butter 03 Cozy Caramel Latte,25,0,13,1,25,False,False,01406240d3fa,completo
https://inkeedecoder.com/products/nyx-professional-makeup-retractable-lip-liner-nude-pink,nyx-professional-makeup-retractable-lip-liner-nude-pink,professional-makeup-retractable-lip-liner-nude-pink,,nyx,economica,explicita,delineador,no_declarado,,True,False,False,False,False,False,False,False,NYX Professional Makeup,Retractable Lip Liner Nude Pink,17,0,9,1,17,False,False,9f5ccd590d9c,completo
https://inkeedecoder.com/products/revolution-skincare-hyaluronic-acid-hydrating-lip-patches,revolution-skincare-hyaluronic-acid-hydrating-lip-patches,skincare-hyaluronic-acid-hydrating-lip-patches,,revolution,economica,explicita,no_determinado,no_declarado,,True,False,False,False,False,True,False,False,Revolution Skincare,Hyaluronic Acid Hydrating Lip Patches,29,0,13,1,30,False,False,cec0767f4bef,completo
https://inkeedecoder.com/products/revolution-lasting-kiss-liquid-matte-stain,revolution-lasting-kiss-liquid-matte-stain,lasting-kiss-liquid-matte-stain,,revolution,economica,linea,tinte,mate,,True,False,True,False,False,False,False,False,Revolution,Lasting Kiss Liquid Matte Stain,8,9,6,1,8,True,True,1ba3b7bc7116,completo
https://inkeedecoder.com/products/essence-meta-glow-multi-reflective-lipgloss-03-pink-vision,essence-meta-glow-multi-reflective-lipgloss-03-pink-vision,meta-glow-multi-reflective-lipgloss,03-pink-vision,essence,economica,explicita,gloss,brillante,,True,False,False,False,False,False,False,False,Essence,Meta Glow Multi-Reflective Lipgloss 03 Pink Vision,18,0,10,1,18,False,False,ae9866767594,completo
https://inkeedecoder.com/products/essence-aloha-babes-pout-lip-balm,essence-aloha-babes-pout-lip-balm,aloha-babes-pout-lip-balm,,essence,economica,explicita,balsamo,no_declarado,,True,False,False,False,False,False,False,False,Essence,"Aloha, Babes! Pout Lip Balm",14,0,7,1,14,False,False,86707420a807,completo
https://inkeedecoder.com/products/essence-juicy-glow-juicy-bomb-lip-oil-01-coconut-crush,essence-juicy-glow-juicy-bomb-lip-oil-01-coconut-crush,juicy-glow-juicy-bomb-lip-oil,01-coconut-crush,essence,economica,explicita,aceite,brillante,,True,False,False,False,False,True,False,False,Essence,Juicy Glow Juicy Bomb Lip Oil 01 Coconut Crush,16,0,11,1,16,False,False,9e26b774b88e,completo
https://inkeedecoder.com/products/essence-juicy-glow-juicy-bomb-lip-oil-03-mandarin-miracle,essence-juicy-glow-juicy-bomb-lip-oil-03-mandarin-miracle,juicy-glow-juicy-bomb-lip-oil,03-mandarin-miracle,essence,economica,explicita,aceite,brillante,,True,False,False,False,False,True,False,False,Essence,Juicy Glow Juicy Bomb Lip Oil 03 Mandarin Miracle,18,0,10,1,18,False,False,cb624ceb5ca4,completo
https://inkeedecoder.com/products/loreal-blurfiller-blurring-lip-contour,loreal-blurfiller-blurring-lip-contour,blurfiller-blurring-lip-contour,,loreal,economica,explicita,delineador,blur,,True,False,False,False,False,False,False,False,L'Oreal,Blurfiller Blurring Lip Contour,13,7,6,1,13,True,True,7e9350035e00,completo
https://inkeedecoder.com/products/mac-lipglazer-lip-liner,mac-lipglazer-lip-liner,lipglazer-lip-liner,,mac,alta,explicita,delineador,no_declarado,,True,False,False,False,False,False,False,False,MAC,Lipglazer Lip Liner,11,9,5,1,11,True,True,334f41b4fed7,completo
https://inkeedecoder.com/products/e-l-f-gloss-mode-treatment-oil,e-l-f-gloss-mode-treatment-oil,gloss-mode-treatment-oil,,elf,economica,contextual,aceite,brillante,,True,False,False,False,False,False,False,False,e.l.f.,Gloss Mode Treatment Oil,29,0,7,1,29,False,False,611041e23ef7,completo
https://inkeedecoder.com/products/mac-lipglass-cushion-high-pigment-lip-oil,mac-lipglass-cushion-high-pigment-lip-oil,lipglass-cushion-high-pigment-lip-oil,,mac,alta,explicita,aceite,no_declarado,,True,False,False,False,False,False,False,False,MAC,Lipglass Cushion High-pigment Lip Oil,34,20,12,1,34,True,True,44b66171dce4,completo
https://inkeedecoder.com/products/dior-rouge-dior-lipstick,dior-rouge-dior-lipstick,rouge-dior-lipstick,,dior,alta,explicita,barra,no_declarado,,True,False,False,False,False,False,False,False,Dior,Rouge Dior Lipstick,25,15,11,1,25,True,True,10e3fdfa6c8a,completo
https://inkeedecoder.com/products/fenty-beauty-fenty-hot-chocolit-lip-luminizer,fenty-beauty-fenty-hot-chocolit-lip-luminizer,fenty-hot-chocolit-lip-luminizer,,fenty-beauty,alta,explicita,no_determinado,no_declarado,,True,False,False,False,False,False,False,False,Fenty Beauty,Fenty Hot Chocolit Lip Luminizer,37,0,15,1,39,False,False,4db82dca07d3,completo
https://inkeedecoder.com/products/elf-squeeze-me-lip-balm,elf-squeeze-me-lip-balm,squeeze-me-lip-balm,,elf,economica,explicita,balsamo,no_declarado,,True,False,False,False,False,False,False,False,elf,Squeeze Me Lip Balm,38,0,14,1,38,False,False,98ebd95380d9,completo
https://inkeedecoder.com/products/kiko-milano-3d-hydra-lipgloss,kiko-milano-3d-hydra-lipgloss,milano-3d-hydra-lipgloss,,kiko,economica,explicita,gloss,no_declarado,,True,False,False,False,False,True,False,False,KIKO Milano,3d Hydra Lipgloss,10,0,6,1,10,False,False,9116fa311993,completo
https://inkeedecoder.com/products/maybelline-super-stay-peel-off-lip-liner,maybelline-super-stay-peel-off-lip-liner,super-stay-peel-off-lip-liner,,maybelline,economica,explicita,delineador,no_declarado,,True,False,True,False,False,False,False,False,Maybelline,Super Stay Peel Off Lip Liner,25,5,12,1,25,True,True,c70ed8859a27,completo
https://inkeedecoder.com/products/essence-lip-care-hydra-oil-core-balm,essence-lip-care-hydra-oil-core-balm,lip-care-hydra-oil-core-balm,,essence,economica,explicita,balsamo_con_aceite,no_declarado,,True,False,False,False,False,True,False,False,Essence,Lip Care Hydra Oil Core Balm,34,0,15,1,34,False,False,c7fd508d7bf0,completo
https://inkeedecoder.com/products/catrice-diamond-glaze-lip-gloss,catrice-diamond-glaze-lip-gloss,diamond-glaze-lip-gloss,,catrice,economica,explicita,gloss,glitter,,True,False,False,False,False,False,False,False,Catrice,Diamond Glaze Lip Gloss,22,0,10,1,22,False,False,a9411798932c,completo
https://inkeedecoder.com/products/essence-satin-glow-shiny-lipstick,essence-satin-glow-shiny-lipstick,satin-glow-shiny-lipstick,,essence,economica,explicita,barra,satinado,,True,False,False,False,False,False,False,False,Essence,Satin Glow Shiny Lipstick,20,0,8,1,20,False,False,b4d7f19fa77f,completo
https://inkeedecoder.com/products/catrice-shine-bomb-lip-lacquer-longlasting,catrice-shine-bomb-lip-lacquer-longlasting,shine-bomb-lip-lacquer-longlasting,,catrice,economica,explicita,gloss,brillante,,True,False,False,False,False,False,False,False,Catrice,Shine Bomb Lip Lacquer Longlasting,15,0,10,1,15,False,False,d996ed511cf2,completo
https://inkeedecoder.com/products/dior-rouge-dior-colored-lip-balm-000-diornatural-satin-finish,dior-rouge-dior-colored-lip-balm-000-diornatural-satin-finish,rouge-dior-colored-lip-balm,000-diornatural-satin-finish,dior,alta,explicita,balsamo,no_declarado,,True,False,False,False,False,False,False,False,Dior,Rouge Dior Colored Lip Balm - 000 Diornatural Satin Finish,28,1,10,1,28,True,True,2ac4ae99005a,completo
https://inkeedecoder.com/products/revolution-pout-bomb-plumping-gloss,revolution-pout-bomb-plumping-gloss,pout-bomb-plumping-gloss,,revolution,economica,explicita,gloss,brillante,,True,True,False,False,False,False,False,False,Revolution,Pout Bomb Plumping Gloss,19,7,11,1,19,True,True,54fe229033b0,completo
https://inkeedecoder.com/products/revolution-pro-renew-lip-conditioner,revolution-pro-renew-lip-conditioner,pro-renew-lip-conditioner,,revolution,economica,explicita,balsamo,no_declarado,,True,False,False,False,False,False,False,False,Revolution Pro,Renew Lip Conditioner,19,0,8,1,19,False,False,5f732090777a,completo
https://inkeedecoder.com/products/revolution-pro-hydra-bright-plumping-lip-gloss-clear,revolution-pro-hydra-bright-plumping-lip-gloss-clear,pro-hydra-bright-plumping-lip-gloss-clear,,revolution,economica,explicita,gloss,brillante,,True,True,False,False,False,True,False,False,Revolution Pro,Hydra Bright Plumping Lip Gloss Clear,18,0,10,1,18,False,False,2d3594bb29d2,completo
https://inkeedecoder.com/products/essence-colour-up-shine-on-lipstick-12-behind-the-scenes,essence-colour-up-shine-on-lipstick-12-behind-the-scenes,colour-up-shine-on-lipstick,12-behind-the-scenes,essence,economica,explicita,barra,brillante,,True,False,False,False,False,False,False,False,Essence,Colour Up Shine On Lipstick 12 Behind The Scenes,20,0,8,1,20,False,False,f3edaec706ba,completo
https://inkeedecoder.com/products/milani-fruit-fetish-lip-balm,milani-fruit-fetish-lip-balm,fruit-fetish-lip-balm,,milani,economica,explicita,balsamo,no_declarado,,True,False,False,False,False,False,False,False,Milani,Fruit Fetish Lip Balm,26,0,10,1,26,False,False,69744d98b785,completo
https://inkeedecoder.com/products/mac-lustreglass-sheer-shine-lipstick-2,mac-lustreglass-sheer-shine-lipstick-2,lustreglass-sheer-shine-lipstick-2,,mac,alta,explicita,barra,brillante,,True,False,False,False,False,False,False,False,MAC,Lustreglass Sheer-shine Lipstick,39,20,15,1,39,True,True,013003b1e3da,completo
https://inkeedecoder.com/products/dior-lip-glow-oil,dior-lip-glow-oil,lip-glow-oil,,dior,alta,explicita,aceite,brillante,,True,False,False,False,False,False,False,False,Dior,Lip Glow Oil,20,15,9,1,20,True,True,6413a713f7b4,completo
https://inkeedecoder.com/products/e-l-f-squeeze-me-lip-balm-peach,e-l-f-squeeze-me-lip-balm-peach,squeeze-me-lip-balm-peach,,elf,economica,explicita,balsamo,no_declarado,,True,False,False,False,False,False,False,False,e.l.f.,Squeeze Me Lip Balm Peach,39,0,13,1,40,False,False,17e26756c75c,completo
https://inkeedecoder.com/products/revolution-lip-shake-lip-gloss,revolution-lip-shake-lip-gloss,lip-shake-lip-gloss,,revolution,economica,explicita,gloss,brillante,,True,False,False,False,False,False,False,False,Revolution,Lip Shake Lip Gloss,22,6,11,1,22,True,True,753f94c02144,completo
https://inkeedecoder.com/products/laneige-lip-treatment-balm,laneige-lip-treatment-balm,lip-treatment-balm,,laneige,alta,explicita,balsamo,no_declarado,,True,False,False,False,False,False,False,False,LANEIGE,Lip Treatment Balm,32,0,14,1,32,False,False,ab1ab81cc2dc,completo
https://inkeedecoder.com/products/essence-juicy-bomb-shiny-lipgloss-107-glowy-gummy,essence-juicy-bomb-shiny-lipgloss-107-glowy-gummy,juicy-bomb-shiny-lipgloss,107-glowy-gummy,essence,economica,explicita,gloss,brillante,,True,False,False,False,False,True,False,False,Essence,Juicy Bomb Shiny Lipgloss 107 Glowy Gummy,18,0,9,1,18,False,False,9f984f71ba3e,completo
https://inkeedecoder.com/products/makeup-revolution-glaze-lip-oil-getaway-terracotta,makeup-revolution-glaze-lip-oil-getaway-terracotta,glaze-lip-oil-getaway-terracotta,,revolution,economica,explicita,aceite,brillante,,True,False,False,False,False,False,False,False,Makeup Revolution,Glaze Lip Oil Getaway Terracotta,20,0,11,1,20,False,False,46bcfeb31f4c,completo
https://inkeedecoder.com/products/loreal-glow-paradise-lip-balm-in-gloss,loreal-glow-paradise-lip-balm-in-gloss,glow-paradise-lip-balm-in-gloss,,loreal,economica,explicita,balsamo,brillante,,True,False,False,False,False,False,False,False,L'Oreal,Glow Paradise Lip Balm-in-gloss,33,16,11,1,33,True,True,7e7a750e6c2d,completo
https://inkeedecoder.com/products/catrice-melt-shine-juicy-lip-balm-010-shell-yeah,catrice-melt-shine-juicy-lip-balm-010-shell-yeah,melt-shine-juicy-lip-balm,010-shell-yeah,catrice,economica,explicita,balsamo,brillante,,True,False,False,False,False,True,False,False,Catrice,Melt & Shine Juicy Lip Balm 010 Shell Yeah!,27,0,9,1,27,False,False,26930fa62411,completo
https://inkeedecoder.com/products/essence-soft-precise-lip-pencil-412-everyberry-s-darling,essence-soft-precise-lip-pencil-412-everyberry-s-darling,soft-precise-lip-pencil,412-everyberry-s-darling,essence,economica,explicita,delineador,no_declarado,,True,False,False,False,False,False,False,False,Essence,Soft & Precise Lip Pencil 412 Everyberry`s Darling,12,0,6,1,12,False,False,797f92d2802c,completo
https://inkeedecoder.com/products/essence-juicy-bomb-shiny-lipgloss-105-bouncy-bubblegum,essence-juicy-bomb-shiny-lipgloss-105-bouncy-bubblegum,juicy-bomb-shiny-lipgloss,105-bouncy-bubblegum,essence,economica,explicita,gloss,brillante,,True,False,False,False,False,True,False,False,Essence,Juicy Bomb Shiny Lipgloss 105 Bouncy Bubblegum,19,0,9,1,19,False,False,f850ce3363d6,completo
https://inkeedecoder.com/products/revolution-pro-rescue-lip-oil,revolution-pro-rescue-lip-oil,pro-rescue-lip-oil,,revolution,economica,explicita,aceite,no_declarado,,True,False,False,False,False,False,False,False,Revolution Pro,Rescue Lip Oil,14,0,9,1,14,False,False,5b153f0dcdf7,completo
https://inkeedecoder.com/products/dior-rouge-dior-forever,dior-rouge-dior-forever,rouge-dior-forever,,dior,alta,contextual,barra,no_declarado,,True,False,True,False,False,False,False,False,Dior,Rouge Dior Forever,28,6,11,1,28,True,True,2f446ee4ea59,completo
https://inkeedecoder.com/products/essence-the-super-peptide-glossy-lip-treatment-02-pinkified,essence-the-super-peptide-glossy-lip-treatment-02-pinkified,the-super-peptide-glossy-lip-treatment,02-pinkified,essence,economica,explicita,balsamo,brillante,,True,False,False,False,False,False,False,False,Essence,The Super Peptide Glossy Lip Treatment 02 Pinkified,27,0,9,1,27,False,False,01d750e1e81d,completo
https://inkeedecoder.com/products/catrice-gel-glide-long-lasting-lip-liner,catrice-gel-glide-long-lasting-lip-liner,gel-glide-long-lasting-lip-liner,,catrice,economica,explicita,delineador,jelly,,True,False,True,False,False,False,False,False,Catrice,Gel Glide Long-lasting Lip Liner,16,0,6,1,16,False,False,aa343a330fc7,completo
https://inkeedecoder.com/products/essence-8h-matte-liquid-lipstick,essence-8h-matte-liquid-lipstick,8h-matte-liquid-lipstick,,essence,economica,explicita,liquido,mate,,True,False,True,False,False,False,False,False,Essence,8h Matte Liquid Lipstick,23,0,9,1,23,False,False,b5b4bafdaf17,completo
https://inkeedecoder.com/products/nyx-professional-makeup-suede-matte-lipstick,nyx-professional-makeup-suede-matte-lipstick,professional-makeup-suede-matte-lipstick,,nyx,economica,explicita,barra,mate,,True,False,False,False,False,False,False,False,NYX Professional Makeup,Suede Matte Lipstick,23,7,11,1,23,True,True,886b97bddfc7,completo
https://inkeedecoder.com/products/revolution-pro-hydra-bright-plumping-lip-gloss-pink,revolution-pro-hydra-bright-plumping-lip-gloss-pink,pro-hydra-bright-plumping-lip-gloss-pink,,revolution,economica,explicita,gloss,brillante,,True,True,False,False,False,True,False,False,Revolution Pro,Hydra Bright Plumping Lip Gloss Pink,19,0,11,1,19,False,False,2c7fa10acd62,completo
https://inkeedecoder.com/products/milani-color-fetish-hydrating-lip-stain,milani-color-fetish-hydrating-lip-stain,color-fetish-hydrating-lip-stain,,milani,economica,explicita,tinte,no_declarado,,True,False,False,False,False,True,False,False,Milani,Color Fetish Hydrating Lip Stain,37,0,11,1,38,False,False,4058ff815f67,completo
https://inkeedecoder.com/products/revlon-kiss-plumping-lip-creme,revlon-kiss-plumping-lip-creme,kiss-plumping-lip-creme,,revlon,economica,explicita,liquido,cremoso,,True,True,False,False,False,False,False,False,Revlon,Kiss Plumping Lip Crème,35,9,13,1,35,True,True,cb0c62866766,completo
https://inkeedecoder.com/products/milani-keep-it-full-plumping-lip-liner,milani-keep-it-full-plumping-lip-liner,keep-it-full-plumping-lip-liner,,milani,economica,explicita,delineador,no_declarado,,True,True,False,False,False,False,False,False,Milani,Keep It Full Plumping Lip Liner,40,0,15,1,41,False,False,3ec1ef8a72c7,completo
https://inkeedecoder.com/products/nyx-cosmetics-fat-oil-lip-drip,nyx-cosmetics-fat-oil-lip-drip,cosmetics-fat-oil-lip-drip,,nyx,economica,explicita,aceite,no_declarado,,True,False,False,False,False,False,False,False,NYX Cosmetics,Fat Oil Lip Drip,25,0,10,1,25,False,False,187a66fccd5e,completo
https://inkeedecoder.com/products/milani-stay-put-liquid-lip-shimmer-lipstick,milani-stay-put-liquid-lip-shimmer-lipstick,stay-put-liquid-lip-shimmer-lipstick,,milani,economica,explicita,liquido,perlado,,True,False,True,False,False,False,False,False,Milani,Stay Put Liquid Lip Shimmer Lipstick,19,0,9,1,20,False,False,c79e75b75a74,completo
https://inkeedecoder.com/products/nyx-slip-tease-lip-lacquer,nyx-slip-tease-lip-lacquer,slip-tease-lip-lacquer,,nyx,economica,explicita,gloss,no_declarado,,True,False,False,False,False,False,False,False,NYX,Slip Tease Lip Lacquer,12,4,8,1,12,True,True,2bfd01a4f7f9,completo
https://inkeedecoder.com/products/maybelline-serum-lipstick,maybelline-serum-lipstick,serum-lipstick,,maybelline,economica,explicita,barra,no_declarado,,True,False,False,False,False,False,False,False,Maybelline,Serum Lipstick,38,11,13,1,38,True,True,06802e94c3cf,completo
https://inkeedecoder.com/products/catrice-lip-jam-hydrating-lip-gloss-020-strawrr-berry,catrice-lip-jam-hydrating-lip-gloss-020-strawrr-berry,lip-jam-hydrating-lip-gloss,020-strawrr-berry,catrice,economica,explicita,gloss,brillante,,True,False,False,False,False,True,False,False,Catrice,Lip Jam Hydrating Lip Gloss - 020 Strawrr Berry,20,0,9,1,20,False,False,d5e8165c4020,completo
https://inkeedecoder.com/products/catrice-better-than-fake-lips-volume-gloss-020-dazzling-apricot,catrice-better-than-fake-lips-volume-gloss-020-dazzling-apricot,better-than-fake-lips-volume-gloss,020-dazzling-apricot,catrice,economica,explicita,gloss,brillante,,True,True,False,False,False,False,False,False,Catrice,Better Than Fake Lips Volume Gloss - 020 Dazzling Apricot,46,0,12,1,46,False,False,7cad001b270d,completo
https://inkeedecoder.com/products/chanel-rouge-allure,chanel-rouge-allure,rouge-allure,,chanel,alta,contextual,barra,no_declarado,,True,False,False,False,False,False,False,False,Chanel,Rouge Allure,42,0,12,1,42,False,False,ef9752aa81ef,completo
https://inkeedecoder.com/products/dior-addict-lip-maximizer-serum,dior-addict-lip-maximizer-serum,addict-lip-maximizer-serum,,dior,alta,explicita,balsamo,no_declarado,,True,True,False,False,False,False,False,False,Dior,Addict Lip Maximizer Serum,35,0,14,1,35,False,False,c164e04937d2,completo
https://inkeedecoder.com/products/essence-glossy-glaze-high-shine-lipstick-01-livin-la-vida-mocha,essence-glossy-glaze-high-shine-lipstick-01-livin-la-vida-mocha,glossy-glaze-high-shine-lipstick,01-livin-la-vida-mocha,essence,economica,explicita,barra,brillante,,True,False,False,False,False,False,False,False,Essence,Glossy Glaze High Shine Lipstick 01 Livin La Vida Mocha,22,0,7,1,22,False,False,be06fc0c78d4,completo
https://inkeedecoder.com/products/catrice-mattlover-lipstick-pen,catrice-mattlover-lipstick-pen,mattlover-lipstick-pen,,catrice,economica,explicita,barra,no_declarado,,True,False,False,False,False,False,False,False,Catrice,Mattlover Lipstick Pen,18,0,9,1,18,False,False,5a06415d70fa,completo
https://inkeedecoder.com/products/essence-hydra-kiss-lip-oil-pocketful-of-sunshine,essence-hydra-kiss-lip-oil-pocketful-of-sunshine,hydra-kiss-lip-oil-pocketful-of-sunshine,,essence,economica,explicita,aceite,no_declarado,,True,False,False,False,False,True,False,False,Essence,Hydra Kiss Lip Oil Pocketful Of Sunshine,16,0,9,1,16,False,False,ca2a6dc926d3,completo
https://inkeedecoder.com/products/catrice-plump-it-up-lip-booster-poppin-champagne,catrice-plump-it-up-lip-booster-poppin-champagne,plump-it-up-lip-booster-poppin-champagne,,catrice,economica,explicita,no_determinado,no_declarado,,True,True,False,False,False,False,False,False,Catrice,Plump It Up Lip Booster Poppin’ Champagne,25,0,9,1,25,False,False,5bc3b3243185,completo
https://inkeedecoder.com/products/laneige-lip-glowy-balm,laneige-lip-glowy-balm,lip-glowy-balm,,laneige,alta,explicita,balsamo,no_declarado,,True,False,False,False,False,False,False,False,LANEIGE,Lip Glowy Balm,37,0,11,1,37,False,False,9bd215de31d0,completo
https://inkeedecoder.com/products/nyx-lip-lingerie-xxl-matte-liquid-lipstick,nyx-lip-lingerie-xxl-matte-liquid-lipstick,lip-lingerie-xxl-matte-liquid-lipstick,,nyx,economica,explicita,liquido,mate,,True,False,False,False,False,False,False,False,NYX,Lip Lingerie XXL Matte Liquid Lipstick,13,0,6,1,13,False,False,f082fe53753a,completo
https://inkeedecoder.com/products/charlotte-tilbury-lip-cheat-liner,charlotte-tilbury-lip-cheat-liner,lip-cheat-liner,,charlotte-tilbury,alta,explicita,delineador,no_declarado,,True,False,False,False,False,False,False,False,Charlotte Tilbury,Lip Cheat Liner,19,3,11,1,19,True,True,62cffdc26236,completo
https://inkeedecoder.com/products/wet-n-wild-megalast-liquid-catsuit-high-shine-lipstick,wet-n-wild-megalast-liquid-catsuit-high-shine-lipstick,megalast-liquid-catsuit-high-shine-lipstick,,wet-n-wild,economica,explicita,liquido,brillante,,True,False,False,False,False,False,False,False,Wet n Wild,Megalast Liquid Catsuit High-shine Lipstick,28,10,7,1,28,True,True,f6436a75ada5,completo
https://inkeedecoder.com/products/catrice-glossin-glow-tinted-lip-oil-040-gossip-girl,catrice-glossin-glow-tinted-lip-oil-040-gossip-girl,glossin-glow-tinted-lip-oil,040-gossip-girl,catrice,economica,explicita,aceite,brillante,,True,False,False,False,False,False,False,False,Catrice,Glossin' Glow Tinted Lip Oil 040 Gossip Girl,14,0,9,1,14,False,False,c074ac0e2b23,completo
https://inkeedecoder.com/products/wet-n-wild-rose-comforting-lip-color,wet-n-wild-rose-comforting-lip-color,rose-comforting-lip-color,,wet-n-wild,economica,explicita,barra,no_declarado,,True,False,False,False,False,False,False,False,Wet n Wild,Rose Comforting Lip Color,19,10,10,1,19,True,True,b1dcfb4f57a0,completo
https://inkeedecoder.com/products/nyx-cosmetics-smushy-matte-lip-balm,nyx-cosmetics-smushy-matte-lip-balm,cosmetics-smushy-matte-lip-balm,,nyx,economica,explicita,balsamo,mate,,True,False,False,False,False,False,False,False,NYX Cosmetics,Smushy Matte Lip Balm,15,0,10,1,15,False,False,69e55bab8565,completo
https://inkeedecoder.com/products/mac-pro-lip-erase,mac-pro-lip-erase,pro-lip-erase,,mac,alta,explicita,no_determinado,no_declarado,,True,False,False,False,False,False,False,False,MAC,Pro Lip Erase,17,27,11,1,17,True,True,ef3f63b6e10b,completo
https://inkeedecoder.com/products/essence-ticket-for-a-smile-lip-oil-roll-on,essence-ticket-for-a-smile-lip-oil-roll-on,ticket-for-a-smile-lip-oil-roll-on,,essence,economica,explicita,aceite,no_declarado,,True,False,False,False,False,False,False,False,Essence,Ticket For... A Smile Lip Oil Roll-On,7,0,6,1,7,False,False,30c6c173b743,completo
https://inkeedecoder.com/products/clinique-pop-tm-lip-cheek-oil-in-black-honey,clinique-pop-tm-lip-cheek-oil-in-black-honey,pop-tm-lip-cheek-oil-in-black-honey,,clinique,alta,explicita,aceite,no_declarado,cheek,True,False,False,False,False,False,False,False,Clinique,Pop™ Lip + Cheek Oil In Black Honey,25,20,12,1,25,True,True,4c83b6f75c7f,completo
https://inkeedecoder.com/products/maybelline-super-stay-teddy-tint,maybelline-super-stay-teddy-tint,super-stay-teddy-tint,,maybelline,economica,linea,tinte,no_declarado,,True,False,True,False,False,False,False,False,Maybelline,Super Stay Teddy Tint,18,11,9,1,18,True,True,733e803621f9,completo
https://inkeedecoder.com/products/nyx-bare-with-me-hemp-lip-conditioner,nyx-bare-with-me-hemp-lip-conditioner,bare-with-me-hemp-lip-conditioner,,nyx,economica,explicita,balsamo,no_declarado,,True,False,False,False,False,False,False,False,NYX,Bare With Me Hemp Lip Conditioner,33,0,13,1,33,False,False,182cdd692ea5,completo
https://inkeedecoder.com/products/catrice-glossin-glow-tinted-lip-oil-keep-it-juicy,catrice-glossin-glow-tinted-lip-oil-keep-it-juicy,glossin-glow-tinted-lip-oil-keep-it-juicy,,catrice,economica,explicita,aceite,brillante,,True,False,False,False,False,True,False,False,Catrice,Glossin' Glow Tinted Lip Oil Keep It Juicy,14,0,8,1,14,False,False,aa54c47f4c33,completo
https://inkeedecoder.com/products/dior-rouge-dior-balm-001-diormidnight,dior-rouge-dior-balm-001-diormidnight,rouge-dior-balm,001-diormidnight,dior,alta,contextual,balsamo,no_declarado,,True,False,False,False,False,False,False,False,Dior,Rouge Dior Balm - 001 Diormidnight,29,5,9,1,29,True,True,6b839c558f12,completo
https://inkeedecoder.com/products/benefit-cosmetics-floratint-cheek-and-lip-stain,benefit-cosmetics-floratint-cheek-and-lip-stain,cosmetics-floratint-cheek-and-lip-stain,,benefit,alta,explicita,tinte,no_declarado,cheek,True,False,False,False,False,False,False,False,Benefit Cosmetics,Floratint Cheek And Lip Stain,14,9,13,1,14,True,True,b936ca9d218f,completo
https://inkeedecoder.com/products/catrice-max-it-up-lip-booster-extreme-hot-plumper,catrice-max-it-up-lip-booster-extreme-hot-plumper,max-it-up-lip-booster-extreme-hot-plumper,,catrice,economica,explicita,no_determinado,no_declarado,,True,True,False,False,False,False,False,False,Catrice,Max It Up Lip Booster Extreme Hot Plumper,13,0,7,1,13,False,False,c36121bf13d1,completo
https://inkeedecoder.com/products/essence-glossy-glaze-high-shine-lipstick-03-pink-things-up,essence-glossy-glaze-high-shine-lipstick-03-pink-things-up,glossy-glaze-high-shine-lipstick,03-pink-things-up,essence,economica,explicita,barra,brillante,,True,False,False,False,False,False,False,False,Essence,Glossy Glaze High Shine Lipstick 03 Pink Things Up,21,0,7,1,21,False,False,57e1aa8287a9,completo
https://inkeedecoder.com/products/nyx-shout-loud-satin-lipstick,nyx-shout-loud-satin-lipstick,shout-loud-satin-lipstick,,nyx,economica,explicita,barra,satinado,,True,False,False,False,False,False,False,False,NYX,Shout Loud Satin Lipstick,35,12,10,1,35,True,True,f2fb711a28db,completo
https://inkeedecoder.com/products/wet-n-wild-perfect-pout-lip-treatment,wet-n-wild-perfect-pout-lip-treatment,perfect-pout-lip-treatment,,wet-n-wild,economica,explicita,balsamo,no_declarado,,True,False,False,False,False,False,False,False,Wet n Wild,Perfect Pout Lip Treatment,27,0,9,1,27,False,False,4393afe32cb9,completo
https://inkeedecoder.com/products/essence-baby-got-glaze-balm-stick,essence-baby-got-glaze-balm-stick,baby-got-glaze-balm-stick,,essence,economica,linea,balsamo,brillante,,True,False,False,False,False,False,False,False,Essence,Baby Got Glaze Balm Stick,14,0,6,1,14,False,False,c204faa54370,completo
https://inkeedecoder.com/products/too-faced-cloud-crush-whipped-lip-cheek-color,too-faced-cloud-crush-whipped-lip-cheek-color,cloud-crush-whipped-lip-cheek-color,,too-faced,alta,explicita,barra,no_declarado,cheek,True,False,False,False,False,False,False,False,Too Faced,Cloud Crush Whipped Lip & Cheek Color,18,9,11,1,18,True,True,f2d83d0c819a,completo
https://inkeedecoder.com/products/laneige-moisture-lip-balm,laneige-moisture-lip-balm,moisture-lip-balm,,laneige,alta,explicita,balsamo,no_declarado,,True,False,False,False,False,False,False,False,LANEIGE,Moisture Lip Balm,32,0,11,1,32,False,False,f0c69f27779c,completo
https://inkeedecoder.com/products/e-l-f-lip-cushion-nourishing-balm,e-l-f-lip-cushion-nourishing-balm,lip-cushion-nourishing-balm,,elf,economica,explicita,balsamo,no_declarado,,True,False,False,False,False,True,False,False,e.l.f.,Lip Cushion Nourishing Balm,14,6,8,1,14,True,True,e2ac2732f8e8,completo
https://inkeedecoder.com/products/catrice-heart-affair-full-shine-lipstick-in-a-heartbeat,catrice-heart-affair-full-shine-lipstick-in-a-heartbeat,heart-affair-full-shine-lipstick-in-a-heartbeat,,catrice,economica,explicita,barra,brillante,,True,False,False,False,False,False,False,False,Catrice,Heart Affair Full Shine Lipstick In A Heartbeat,23,0,10,1,23,False,False,676149d02f79,completo
https://inkeedecoder.com/products/revolution-pout-balm-bare-shine,revolution-pout-balm-bare-shine,pout-balm-bare-shine,,revolution,economica,explicita,balsamo,brillante,,True,False,False,False,False,False,False,False,Revolution,Pout Balm - Bare Shine,24,0,11,1,25,False,False,3b6124d2c725,completo
https://inkeedecoder.com/products/fenty-beauty-slip-shine-sheer-shiny-lipstick,fenty-beauty-slip-shine-sheer-shiny-lipstick,slip-shine-sheer-shiny-lipstick,,fenty-beauty,alta,explicita,barra,brillante,,True,False,False,False,False,False,False,False,Fenty Beauty,Slip Shine Sheer Shiny Lipstick,18,8,9,1,18,True,True,7799853d7817,completo
https://inkeedecoder.com/products/revolution-i-heart-revolution-shimmer-spritz-lip-gloss-grapefruit,revolution-i-heart-revolution-shimmer-spritz-lip-gloss-grapefruit,i-heart-revolution-shimmer-spritz-lip-gloss-grapefruit,,revolution,economica,explicita,gloss,perlado,,True,False,False,False,False,False,False,False,Revolution,I Heart Revolution Shimmer Spritz Lip Gloss Grapefruit,29,0,11,1,29,False,False,23777cc5ba90,completo
https://inkeedecoder.com/products/catrice-volumizing-extreme-lip-booster-020-ginger-shot,catrice-volumizing-extreme-lip-booster-020-ginger-shot,volumizing-extreme-lip-booster,020-ginger-shot,catrice,economica,explicita,no_determinado,no_declarado,,True,True,False,False,False,False,False,False,Catrice,Volumizing Extreme Lip Booster - 020 Ginger Shot,31,0,15,1,31,False,False,9dc59fe654bf,completo
https://inkeedecoder.com/products/fenty-beauty-gloss-bomb-ice-cooling-lip-luminizer-pineapple,fenty-beauty-gloss-bomb-ice-cooling-lip-luminizer-pineapple,gloss-bomb-ice-cooling-lip-luminizer-pineapple,,fenty-beauty,alta,explicita,gloss,brillante,,True,False,False,False,False,False,False,False,Fenty Beauty,Gloss Bomb Ice Cooling Lip Luminizer Pineapple,25,0,8,1,25,False,False,383adb8c0909,completo
https://inkeedecoder.com/products/mac-lustreglass-sheer-shine-lipstick,mac-lustreglass-sheer-shine-lipstick,lustreglass-sheer-shine-lipstick,,mac,alta,explicita,barra,brillante,,True,False,False,False,False,False,False,False,MAC,Lustreglass Sheer-shine Lipstick,42,27,16,1,42,True,True,c02586cb3e53,completo
https://inkeedecoder.com/products/maybelline-baby-lips-pink-lolita-lip-balm,maybelline-baby-lips-pink-lolita-lip-balm,baby-lips-pink-lolita-lip-balm,,maybelline,economica,explicita,balsamo,no_declarado,,True,False,False,False,False,False,False,False,Maybelline,Baby Lips Pink Lolita Lip Balm,32,0,12,1,32,False,False,06716d868194,completo
https://inkeedecoder.com/products/dior-addict-lip-glow,dior-addict-lip-glow,addict-lip-glow,,dior,alta,explicita,no_determinado,brillante,,True,False,False,False,False,False,False,False,Dior,Addict Lip Glow,22,11,9,1,22,True,True,284820ae670e,completo
https://inkeedecoder.com/products/too-faced-lip-injection-lip-gloss,too-faced-lip-injection-lip-gloss,lip-injection-lip-gloss,,too-faced,alta,explicita,gloss,brillante,,True,True,False,False,False,False,False,False,Too Faced,Lip Injection Lip Gloss,31,11,15,1,31,True,True,9c20a16fbc31,completo
https://inkeedecoder.com/products/charlotte-tilbury-k-i-s-s-i-n-g-lipstick,charlotte-tilbury-k-i-s-s-i-n-g-lipstick,k-i-s-s-i-n-g-lipstick,,charlotte-tilbury,alta,explicita,barra,no_declarado,,True,False,False,False,False,False,False,False,Charlotte Tilbury,K.I.S.S.I.N.G Lipstick,19,10,10,1,19,True,True,56ef4b6a7513,completo
https://inkeedecoder.com/products/dior-lip-glow,dior-lip-glow,lip-glow,,dior,alta,explicita,no_determinado,brillante,,True,False,False,False,False,False,False,False,Dior,Lip Glow,22,15,12,1,22,True,True,11226551e899,completo
https://inkeedecoder.com/products/catrice-clean-id-protecting-lip-serum,catrice-clean-id-protecting-lip-serum,clean-id-protecting-lip-serum,,catrice,economica,explicita,balsamo,no_declarado,,True,False,False,False,False,False,False,False,Catrice,Clean ID Protecting Lip Serum,19,0,11,1,19,False,False,aa44d2c9410e,completo
https://inkeedecoder.com/products/nyx-professional-makeup-lip-iv-hydrating-gloss-stain-2,nyx-professional-makeup-lip-iv-hydrating-gloss-stain-2,professional-makeup-lip-iv-hydrating-gloss-stain-2,,nyx,economica,explicita,gloss,brillante,,True,False,False,False,False,True,False,False,NYX Professional Makeup,Lip Iv Hydrating Gloss Stain,30,0,12,1,30,False,False,6fdeeee052d2,completo
https://inkeedecoder.com/products/clinique-almost-lipstick-2,clinique-almost-lipstick-2,almost-lipstick-2,,clinique,alta,explicita,barra,no_declarado,,True,False,False,False,False,False,False,False,Clinique,Almost Lipstick,9,16,6,1,9,True,True,fcc2cac5e280,completo
https://inkeedecoder.com/products/essence-extreme-care-hydrating-glossy-lipbalm,essence-extreme-care-hydrating-glossy-lipbalm,extreme-care-hydrating-glossy-lipbalm,,essence,economica,explicita,balsamo,brillante,,True,False,False,False,False,True,False,False,Essence,Extreme Care Hydrating Glossy Lipbalm,30,0,13,1,30,False,False,b5c16483a1b5,completo
https://inkeedecoder.com/products/dior-lip-glow-2,dior-lip-glow-2,lip-glow-2,,dior,alta,explicita,no_determinado,brillante,,True,False,False,False,False,False,False,False,Dior,Lip Glow,23,16,11,1,23,True,True,3705a79e97a8,completo
https://inkeedecoder.com/products/catrice-ultimate-matt-lipstick,catrice-ultimate-matt-lipstick,ultimate-matt-lipstick,,catrice,economica,explicita,barra,mate,,True,False,False,False,False,False,False,False,Catrice,Ultimate Matt Lipstick,24,0,8,1,24,False,False,4a48be030009,completo
https://inkeedecoder.com/products/e-l-f-glow-reviver-lip-oil,e-l-f-glow-reviver-lip-oil,glow-reviver-lip-oil,,elf,economica,explicita,aceite,brillante,,True,False,False,False,False,False,False,False,e.l.f.,Glow Reviver Lip Oil,18,0,7,1,18,False,False,827b290aafc4,completo
https://inkeedecoder.com/products/catrice-heart-affair-full-shine-lipstick-heartbreaker,catrice-heart-affair-full-shine-lipstick-heartbreaker,heart-affair-full-shine-lipstick-heartbreaker,,catrice,economica,explicita,barra,brillante,,True,False,False,False,False,False,False,False,Catrice,Heart Affair Full Shine Lipstick Heartbreaker,21,0,10,1,21,False,False,a2e563e07211,completo
https://inkeedecoder.com/products/essence-meta-glow-multi-reflective-lipgloss-04-golden-future,essence-meta-glow-multi-reflective-lipgloss-04-golden-future,meta-glow-multi-reflective-lipgloss,04-golden-future,essence,economica,explicita,gloss,brillante,,True,False,False,False,False,False,False,False,Essence,Meta Glow Multi-Reflective Lipgloss 04 Golden Future,17,0,10,1,17,False,False,cc64daa18804,completo
https://inkeedecoder.com/products/elf-cosmetics-ride-or-die-lip-balm-tough-cookie,elf-cosmetics-ride-or-die-lip-balm-tough-cookie,cosmetics-ride-or-die-lip-balm-tough-cookie,,elf,economica,explicita,balsamo,no_declarado,,True,False,False,False,False,False,False,False,elf cosmetics,Ride Or Die Lip Balm (Tough Cookie),10,5,9,1,10,True,True,38217629dbfe,completo
https://inkeedecoder.com/products/maybelline-lifter-gloss,maybelline-lifter-gloss,lifter-gloss,,maybelline,economica,contextual,gloss,brillante,,True,False,False,False,False,False,False,False,Maybelline,Lifter Gloss,31,14,10,1,31,True,True,6406986b1d93,completo
https://inkeedecoder.com/products/catrice-holiday-lips-caring-lip-balm-spf-25-sheer-sunset,catrice-holiday-lips-caring-lip-balm-spf-25-sheer-sunset,holiday-lips-caring-lip-balm-spf,25-sheer-sunset,catrice,economica,explicita,balsamo,no_declarado,,True,False,False,False,False,False,False,True,Catrice,Holiday Lips Caring Lip Balm SPF 25 Sheer Sunset,22,0,11,1,22,False,False,ec8012f12efe,completo
https://inkeedecoder.com/products/catrice-plump-it-up-lip-booster-010,catrice-plump-it-up-lip-booster-010,plump-it-up-lip-booster,010,catrice,economica,explicita,no_determinado,no_declarado,,True,True,False,False,False,False,False,False,Catrice,Plump It Up Lip Booster 010,25,0,9,1,25,False,False,a07ca183b2c3,completo
https://inkeedecoder.com/products/essence-what-the-fake-extreme-plumping-lip-filler-with-chili-extract,essence-what-the-fake-extreme-plumping-lip-filler-with-chili-extract,what-the-fake-extreme-plumping-lip-filler-with-chili-extract,,essence,economica,explicita,no_determinado,no_declarado,,True,True,False,False,False,False,False,False,Essence,What The Fake! Extreme Plumping Lip Filler With Chili Extract,23,0,14,1,23,False,False,04604c12f797,completo
https://inkeedecoder.com/products/dior-addict-lip-tint,dior-addict-lip-tint,addict-lip-tint,,dior,alta,explicita,tinte,no_declarado,,True,False,False,False,False,False,False,False,Dior,Addict Lip Tint,32,5,14,1,32,True,True,536de39d533e,completo
https://inkeedecoder.com/products/essence-juicy-glow-juicy-bomb-lip-oil-04-mint-magic,essence-juicy-glow-juicy-bomb-lip-oil-04-mint-magic,juicy-glow-juicy-bomb-lip-oil,04-mint-magic,essence,economica,explicita,aceite,brillante,,True,False,False,False,False,True,False,False,Essence,Juicy Glow Juicy Bomb Lip Oil 04 Mint Magic,17,0,10,1,17,False,False,510b8192811a,completo
https://inkeedecoder.com/products/clinique-moisture-surge-lip,clinique-moisture-surge-lip,moisture-surge-lip,,clinique,alta,explicita,no_determinado,no_declarado,,True,False,False,False,False,False,False,False,Clinique,Moisture Surge Lip,24,0,8,1,24,False,False,2ea2286f29ff,completo
https://inkeedecoder.com/products/wet-n-wild-lip-oil-injector-plumping-lip-oil-shimmer-me-baby,wet-n-wild-lip-oil-injector-plumping-lip-oil-shimmer-me-baby,lip-oil-injector-plumping-lip-oil-shimmer-me-baby,,wet-n-wild,economica,explicita,aceite,perlado,,True,True,False,False,False,False,False,False,Wet n Wild,Lip Oil Injector Plumping Lip Oil | Shimmer Me Baby,26,4,11,1,26,True,True,c55a2de6b227,completo
https://inkeedecoder.com/products/mac-locked-kiss-ink-lipstick,mac-locked-kiss-ink-lipstick,locked-kiss-ink-lipstick,,mac,alta,explicita,liquido,no_declarado,,True,False,False,False,False,False,False,False,MAC,Locked Kiss Ink Lipstick,32,23,12,1,32,True,True,e4255fe5b6a6,completo
https://inkeedecoder.com/products/charlotte-tilbury-pillow-talk-lip-and-cheek-glow,charlotte-tilbury-pillow-talk-lip-and-cheek-glow,pillow-talk-lip-and-cheek-glow,,charlotte-tilbury,alta,explicita,no_determinado,brillante,cheek,True,False,False,False,False,False,False,False,Charlotte Tilbury,Pillow Talk Lip And Cheek Glow,26,7,12,1,26,True,True,83e419e4e813,completo
https://inkeedecoder.com/products/essence-so-mesmerizing-shimmer-lip-oil,essence-so-mesmerizing-shimmer-lip-oil,so-mesmerizing-shimmer-lip-oil,,essence,economica,explicita,aceite,perlado,,True,False,False,False,False,False,False,False,Essence,So Mesmerizing Shimmer Lip Oil,15,0,7,1,15,False,False,8a7b4bc77d18,completo
https://inkeedecoder.com/products/catrice-glass-like-dewy-lip-tint-020-look-at-me,catrice-glass-like-dewy-lip-tint-020-look-at-me,glass-like-dewy-lip-tint,020-look-at-me,catrice,economica,explicita,tinte,no_declarado,,True,False,False,False,False,False,False,False,Catrice,Glass Like Dewy Lip Tint 020 Look At Me!,36,0,11,1,36,False,False,1ae78574bc94,completo
https://inkeedecoder.com/products/chanel-hydra-beauty-nourishing-lip-care,chanel-hydra-beauty-nourishing-lip-care,hydra-beauty-nourishing-lip-care,,chanel,alta,explicita,balsamo,no_declarado,,True,False,False,False,False,True,False,False,Chanel,Hydra Beauty Nourishing Lip Care,31,0,13,1,31,False,False,8d1eeaa9969b,completo
https://inkeedecoder.com/products/fenty-gloss-bomb-heat-universal-lip-luminizer-plumper,fenty-gloss-bomb-heat-universal-lip-luminizer-plumper,gloss-bomb-heat-universal-lip-luminizer-plumper,,fenty-beauty,alta,explicita,gloss,brillante,,True,True,False,False,False,False,False,False,Fenty,Gloss Bomb Heat Universal Lip Luminizer + Plumper,39,0,16,1,39,False,False,4877fe82e83f,completo
https://inkeedecoder.com/products/essence-caring-tint-lip-balm,essence-caring-tint-lip-balm,caring-tint-lip-balm,,essence,economica,explicita,balsamo,no_declarado,,True,False,False,False,False,False,False,False,Essence,Caring Tint Lip Balm,30,0,11,1,30,False,False,d8a19e41d4b0,completo
https://inkeedecoder.com/products/catrice-lip-super-serum,catrice-lip-super-serum,lip-super-serum,,catrice,economica,explicita,balsamo,no_declarado,,True,False,False,False,False,False,False,False,Catrice,Lip Super Serum,19,0,10,1,19,False,False,8d92e2ef7ff1,completo
https://inkeedecoder.com/products/e-l-f-lip-plumping-gloss,e-l-f-lip-plumping-gloss,lip-plumping-gloss,,elf,economica,explicita,gloss,brillante,,True,True,False,False,False,False,False,False,e.l.f.,Lip Plumping Gloss,21,7,10,1,21,True,True,07dde6384416,completo
https://inkeedecoder.com/products/maybelline-new-york-lip-balm,maybelline-new-york-lip-balm,new-york-lip-balm,,maybelline,economica,explicita,balsamo,no_declarado,,True,False,False,False,False,False,False,False,Maybelline New York,Lip Balm,40,10,15,1,40,True,True,9d8e0285292f,completo
https://inkeedecoder.com/products/nyx-shine-loud-pro-pigment-lip-shine,nyx-shine-loud-pro-pigment-lip-shine,shine-loud-pro-pigment-lip-shine,,nyx,economica,linea,liquido,brillante,,True,False,False,False,False,False,False,False,NYX,Shine Loud Pro Pigment Lip Shine,18,14,10,1,18,True,True,bad30d741a1d,completo
https://inkeedecoder.com/products/essence-juicy-bomb-shiny-lipgloss-04-crazy-cherry,essence-juicy-bomb-shiny-lipgloss-04-crazy-cherry,juicy-bomb-shiny-lipgloss,04-crazy-cherry,essence,economica,explicita,gloss,brillante,,True,False,False,False,False,True,False,False,Essence,Juicy Bomb Shiny Lipgloss - 04 Crazy Cherry,19,0,9,1,19,False,False,89751a227830,completo
https://inkeedecoder.com/products/nyx-liquid-suede-cream-lipstick,nyx-liquid-suede-cream-lipstick,liquid-suede-cream-lipstick,,nyx,economica,explicita,liquido,mate,,True,False,False,False,False,False,False,False,NYX,Liquid Suede Cream Lipstick,19,9,10,1,19,True,True,6422d2029cfb,completo
https://inkeedecoder.com/products/loreal-glow-paradise-balm-in-lipstick-2,loreal-glow-paradise-balm-in-lipstick-2,glow-paradise-balm-in-lipstick-2,,loreal,economica,explicita,barra,brillante,,True,False,False,False,False,False,False,False,L'Oreal,Glow Paradise Balm-in-lipstick,27,16,11,1,27,True,True,62ffa223b5ea,completo
https://inkeedecoder.com/products/revolution-air-blur-matte-liquid-lipstick,revolution-air-blur-matte-liquid-lipstick,air-blur-matte-liquid-lipstick,,revolution,economica,explicita,liquido,blur,,True,False,False,False,False,False,False,False,Revolution,Air Blur Matte Liquid Lipstick,9,7,7,1,9,True,True,e3c63276920b,completo
https://inkeedecoder.com/products/charlotte-tilbury-superstar-lips,charlotte-tilbury-superstar-lips,superstar-lips,,charlotte-tilbury,alta,explicita,no_determinado,no_declarado,,True,False,False,False,False,False,False,False,Charlotte Tilbury,Superstar Lips,21,7,13,1,21,True,True,681534499c5a,completo
https://inkeedecoder.com/products/laneige-lip-balm,laneige-lip-balm,lip-balm,,laneige,alta,explicita,balsamo,no_declarado,,True,False,False,False,False,False,False,False,LANEIGE,Lip Balm,52,0,15,1,52,False,False,f4e2e22b9d8d,completo
https://inkeedecoder.com/products/catrice-melt-shine-juicy-lip-balm-100-sunny-side-up,catrice-melt-shine-juicy-lip-balm-100-sunny-side-up,melt-shine-juicy-lip-balm,100-sunny-side-up,catrice,economica,explicita,balsamo,brillante,,True,False,False,False,False,True,False,False,Catrice,Melt & Shine Juicy Lip Balm 100 Sunny Side Up,25,0,9,1,25,False,False,f81a8f4a5cc4,completo
https://inkeedecoder.com/products/clinique-repairwear-tm-intensive-lip-treatment,clinique-repairwear-tm-intensive-lip-treatment,repairwear-tm-intensive-lip-treatment,,clinique,alta,explicita,balsamo,no_declarado,,True,False,False,False,False,False,False,False,Clinique,Repairwear™ Intensive Lip Treatment,58,13,15,1,58,True,True,172a0673a2d8,completo
https://inkeedecoder.com/products/e-l-f-ride-or-die-lip-balm-cheeky-cherry,e-l-f-ride-or-die-lip-balm-cheeky-cherry,ride-or-die-lip-balm-cheeky-cherry,,elf,economica,explicita,balsamo,no_declarado,,True,False,False,False,False,False,False,False,e.l.f.,Ride Or Die Lip Balm (Cheeky Cherry),15,0,9,1,15,False,False,cc54e8bb0ecd,completo
https://inkeedecoder.com/products/maybelline-super-stay-r-vinyl-ink-longwear-liquid-lipcolor,maybelline-super-stay-r-vinyl-ink-longwear-liquid-lipcolor,super-stay-r-vinyl-ink-longwear-liquid-lipcolor,,maybelline,economica,explicita,liquido,vinilo,,True,False,True,False,False,False,False,False,Maybelline,Super Stay® Vinyl Ink Longwear Liquid Lipcolor,27,13,11,1,27,True,True,87b8279ff34a,completo
https://inkeedecoder.com/products/charlotte-tilbury-big-lip-plumpgasm,charlotte-tilbury-big-lip-plumpgasm,big-lip-plumpgasm,,charlotte-tilbury,alta,explicita,no_determinado,no_declarado,,True,True,False,False,False,False,False,False,Charlotte Tilbury,Big Lip Plumpgasm,30,3,13,1,30,True,True,e26dbd8498e0,completo
https://inkeedecoder.com/products/catrice-endless-matte-liquid-lipstick,catrice-endless-matte-liquid-lipstick,endless-matte-liquid-lipstick,,catrice,economica,explicita,liquido,mate,,True,False,True,False,False,False,False,False,Catrice,Endless Matte Liquid Lipstick,31,0,12,1,31,False,False,d431ece319ba,completo
https://inkeedecoder.com/products/catrice-care-in-colours-lip-balm-everyday-24-7,catrice-care-in-colours-lip-balm-everyday-24-7,care-in-colours-lip-balm-everyday,24-7,catrice,economica,explicita,balsamo,no_declarado,,True,False,False,False,False,False,False,False,Catrice,Care In Colours Lip Balm Everyday 24/7,12,0,6,1,12,False,False,ce2bf3ddc165,completo
https://inkeedecoder.com/products/milani-supercharged-cheek-and-lip-multistick,milani-supercharged-cheek-and-lip-multistick,supercharged-cheek-and-lip-multistick,,milani,economica,explicita,no_determinado,no_declarado,cheek,True,False,False,False,False,False,False,False,Milani,Supercharged Cheek And Lip Multistick,18,0,8,1,20,False,False,2bb65819d533,completo
https://inkeedecoder.com/products/catrice-volumizing-tint-glow-lip-balm,catrice-volumizing-tint-glow-lip-balm,volumizing-tint-glow-lip-balm,,catrice,economica,explicita,balsamo,brillante,,True,True,False,False,False,False,False,False,Catrice,Volumizing Tint & Glow Lip Balm,22,0,10,1,22,False,False,22b8ca107a44,completo
https://inkeedecoder.com/products/essence-heart-core-fruity-lip-balm-05-bold-blackberry,essence-heart-core-fruity-lip-balm-05-bold-blackberry,heart-core-fruity-lip-balm,05-bold-blackberry,essence,economica,explicita,balsamo,no_declarado,,True,False,False,False,False,False,False,False,Essence,Heart Core Fruity Lip Balm 05 Bold Blackberry,19,0,9,1,19,False,False,160acb49c70a,completo
https://inkeedecoder.com/products/laneige-lip-glowy-balm-berry,laneige-lip-glowy-balm-berry,lip-glowy-balm-berry,,laneige,alta,explicita,balsamo,no_declarado,,True,False,False,False,False,False,False,False,LANEIGE,Lip Glowy Balm - Berry,35,0,11,1,35,False,False,1529558fc08e,completo
https://inkeedecoder.com/products/dior-rouge-dior-lipstick-999-satin-red,dior-rouge-dior-lipstick-999-satin-red,rouge-dior-lipstick,999-satin-red,dior,alta,explicita,barra,no_declarado,,True,False,False,False,False,False,False,False,Dior,Rouge Dior Lipstick,37,14,14,1,37,True,True,90274e42e260,completo
https://inkeedecoder.com/products/clinique-moisture-surge-tm-pop-triple-lip-balm,clinique-moisture-surge-tm-pop-triple-lip-balm,moisture-surge-tm-pop-triple-lip-balm,,clinique,alta,explicita,balsamo,no_declarado,,True,False,False,False,False,False,False,False,Clinique,Moisture Surge™ Pop Triple Lip Balm,50,20,15,1,50,True,True,46544f3aa560,completo
https://inkeedecoder.com/products/essence-this-is-nude-lipstick-strong,essence-this-is-nude-lipstick-strong,this-is-nude-lipstick-strong,,essence,economica,explicita,barra,no_declarado,,True,False,False,False,False,False,False,False,Essence,This Is Nude Lipstick - Strong,23,0,9,1,23,False,False,240364caff61,completo
https://inkeedecoder.com/products/revolution-relove-euphoric-roll-baby-lip-oil,revolution-relove-euphoric-roll-baby-lip-oil,relove-euphoric-roll-baby-lip-oil,,revolution,economica,explicita,aceite,no_declarado,,True,False,False,False,False,False,False,False,Revolution,Relove Euphoric Roll Baby Lip Oil,8,0,7,1,8,False,False,6fbf1d1cc07f,completo
https://inkeedecoder.com/products/kiko-milano-drop-lip-balm-05,kiko-milano-drop-lip-balm-05,milano-drop-lip-balm,05,kiko,economica,explicita,balsamo,no_declarado,,True,False,False,False,False,False,False,False,KIKO Milano,Drop Lip Balm 05,21,0,8,1,21,False,False,c4718d209eb4,completo
https://inkeedecoder.com/products/loreal-loreal-paris-age-perfect-satin-lipstick-with-precious-oils,loreal-loreal-paris-age-perfect-satin-lipstick-with-precious-oils,loreal-paris-age-perfect-satin-lipstick-with-precious-oils,,loreal,economica,explicita,barra,satinado,,True,False,False,False,False,False,False,False,L'Oreal,L’oréal Paris Age Perfect Satin Lipstick With Precious Oils,36,16,12,1,36,True,True,71742629cdf2,completo
https://inkeedecoder.com/products/catrice-plump-it-up-lip-booster-illusion-of-perfection,catrice-plump-it-up-lip-booster-illusion-of-perfection,plump-it-up-lip-booster-illusion-of-perfection,,catrice,economica,explicita,no_determinado,no_declarado,,True,True,False,False,False,False,False,False,Catrice,Plump It Up Lip Booster Illusion Of Perfection,26,0,9,1,26,False,False,c7657e1adc56,completo
https://inkeedecoder.com/products/catrice-melt-shine-juicy-lip-balm-060-malibu-barbie,catrice-melt-shine-juicy-lip-balm-060-malibu-barbie,melt-shine-juicy-lip-balm,060-malibu-barbie,catrice,economica,explicita,balsamo,brillante,,True,False,False,False,False,True,False,False,Catrice,Melt & Shine Juicy Lip Balm 060 Malibu Barbie,25,0,9,1,25,False,False,161f18d13084,completo
https://inkeedecoder.com/products/revolution-kiss-drip-water-lip-tint,revolution-kiss-drip-water-lip-tint,kiss-drip-water-lip-tint,,revolution,economica,explicita,tinte,no_declarado,,True,False,False,False,False,False,False,False,Revolution,Kiss Drip Water Lip Tint,22,0,12,1,23,False,False,45b58f0d96d1,completo
https://inkeedecoder.com/products/chanel-rouge-coco-baume-hydrating-conditioning-lip-balm,chanel-rouge-coco-baume-hydrating-conditioning-lip-balm,rouge-coco-baume-hydrating-conditioning-lip-balm,,chanel,alta,explicita,balsamo,no_declarado,,True,False,False,False,False,True,False,False,Chanel,Rouge Coco Baume Hydrating Conditioning Lip Balm,19,0,10,1,19,False,False,43131a871fcb,completo
https://inkeedecoder.com/products/maybelline-superstay-matte-ink-liquid-lipstick,maybelline-superstay-matte-ink-liquid-lipstick,superstay-matte-ink-liquid-lipstick,,maybelline,economica,linea,liquido,mate,,True,False,True,False,False,False,False,False,Maybelline,Superstay Matte Ink Liquid Lipstick,19,11,10,1,19,True,True,808479dd745a,completo
https://inkeedecoder.com/products/essence-chilly-vanilly-lip-glaze,essence-chilly-vanilly-lip-glaze,chilly-vanilly-lip-glaze,,essence,economica,explicita,gloss,brillante,,True,False,False,False,False,False,False,False,Essence,Chilly Vanilly Lip Glaze,25,0,15,1,25,False,False,5d04e5e77056,completo
https://inkeedecoder.com/products/wet-n-wild-soft-blur-matte-lipstick,wet-n-wild-soft-blur-matte-lipstick,soft-blur-matte-lipstick,,wet-n-wild,economica,explicita,barra,blur,,True,False,False,False,False,False,False,False,Wet n Wild,Soft Blur Matte Lipstick,15,9,11,1,15,True,True,9c69e640d65f,completo
https://inkeedecoder.com/products/catrice-lip-jam-hydrating-lip-gloss-050-it-was-mint-to-be,catrice-lip-jam-hydrating-lip-gloss-050-it-was-mint-to-be,lip-jam-hydrating-lip-gloss,050-it-was-mint-to-be,catrice,economica,explicita,gloss,brillante,,True,False,False,False,False,True,False,False,Catrice,Lip Jam Hydrating Lip Gloss - 050 It Was Mint To Be,22,0,9,1,22,False,False,75334e061c93,completo
https://inkeedecoder.com/products/dior-addict-lip-maximizer,dior-addict-lip-maximizer,addict-lip-maximizer,,dior,alta,explicita,no_determinado,no_declarado,,True,True,False,False,False,False,False,False,Dior,Addict Lip Maximizer,23,4,10,1,23,True,True,5d9ce3be5ea8,completo
https://inkeedecoder.com/products/loreal-rouge-signature-matte-lip-stain,loreal-rouge-signature-matte-lip-stain,rouge-signature-matte-lip-stain,,loreal,economica,linea,tinte,mate,,True,False,False,False,False,False,False,False,L'Oreal,Rouge Signature Matte Lip Stain,23,10,12,1,23,True,True,f58bfaf2e99f,completo
https://inkeedecoder.com/products/essence-juicy-bomb-shiny-lipgloss-08-pretty-plum,essence-juicy-bomb-shiny-lipgloss-08-pretty-plum,juicy-bomb-shiny-lipgloss,08-pretty-plum,essence,economica,explicita,gloss,brillante,,True,False,False,False,False,True,False,False,Essence,Juicy Bomb Shiny Lipgloss - 08 Pretty Plum,21,0,11,1,21,False,False,94068c963036,completo
https://inkeedecoder.com/products/charlotte-tilbury-jewel-lips,charlotte-tilbury-jewel-lips,jewel-lips,,charlotte-tilbury,alta,explicita,no_determinado,no_declarado,,True,False,False,False,False,False,False,False,Charlotte Tilbury,Jewel Lips,24,3,12,1,24,True,True,2dfc284743b7,completo
https://inkeedecoder.com/products/catrice-holiday-lips-caring-lip-balm-spf-25-tropic-feels,catrice-holiday-lips-caring-lip-balm-spf-25-tropic-feels,holiday-lips-caring-lip-balm-spf,25-tropic-feels,catrice,economica,explicita,balsamo,no_declarado,,True,False,False,False,False,False,False,True,Catrice,Holiday Lips Caring Lip Balm SPF 25 Tropic Feels,26,0,12,1,26,False,False,fa1017af930b,completo
https://inkeedecoder.com/products/essence-hello-kitty-caring-sheer-lipstick,essence-hello-kitty-caring-sheer-lipstick,hello-kitty-caring-sheer-lipstick,,essence,economica,explicita,barra,no_declarado,,True,False,False,False,False,False,False,False,Essence,Hello Kitty Caring Sheer Lipstick,20,0,8,1,20,False,False,549eb9898685,completo
https://inkeedecoder.com/products/essence-hydrating-nude-lipstick,essence-hydrating-nude-lipstick,hydrating-nude-lipstick,,essence,economica,explicita,barra,no_declarado,,True,False,False,False,False,True,False,False,Essence,Hydrating Nude Lipstick,31,0,13,1,31,False,False,164cfc5d7771,completo
https://inkeedecoder.com/products/essence-catching-clouds-swirl-lip-balm,essence-catching-clouds-swirl-lip-balm,catching-clouds-swirl-lip-balm,,essence,economica,explicita,balsamo,no_declarado,,True,False,False,False,False,False,False,False,Essence,Catching Clouds Swirl Lip Balm,15,3,7,1,15,True,True,71c9302f8ade,completo
https://inkeedecoder.com/products/maybelline-lifter-liner-lip-liner-with-hyaluronic-acid,maybelline-lifter-liner-lip-liner-with-hyaluronic-acid,lifter-liner-lip-liner-with-hyaluronic-acid,,maybelline,economica,explicita,delineador,no_declarado,,True,False,False,False,False,False,False,False,Maybelline,Lifter Liner Lip Liner With Hyaluronic Acid,16,0,10,1,16,False,False,f0e52cee2c39,completo
https://inkeedecoder.com/products/revolution-i-heart-revolution-shimmer-spritz-lip-gloss-lemonade,revolution-i-heart-revolution-shimmer-spritz-lip-gloss-lemonade,i-heart-revolution-shimmer-spritz-lip-gloss-lemonade,,revolution,economica,explicita,gloss,perlado,,True,False,False,False,False,False,False,False,Revolution,I Heart Revolution Shimmer Spritz Lip Gloss Lemonade,20,0,10,1,20,False,False,fa74fee78f47,completo
https://inkeedecoder.com/products/milani-stay-put-matte-lip-crayon,milani-stay-put-matte-lip-crayon,stay-put-matte-lip-crayon,,milani,economica,explicita,delineador,mate,,True,False,True,False,False,False,False,False,Milani,Stay Put Matte Lip Crayon,23,6,8,1,23,True,True,f783cecae223,completo
https://inkeedecoder.com/products/nyx-line-loud-lip-liner,nyx-line-loud-lip-liner,line-loud-lip-liner,,nyx,economica,explicita,delineador,no_declarado,,True,False,False,False,False,False,False,False,NYX,Line Loud Lip Liner,16,0,8,1,16,False,False,2fed62510c30,completo
https://inkeedecoder.com/products/catrice-colour-cushion-juicy-lip-oil,catrice-colour-cushion-juicy-lip-oil,colour-cushion-juicy-lip-oil,,catrice,economica,explicita,aceite,no_declarado,,True,False,False,False,False,True,False,False,Catrice,Colour Cushion Juicy Lip Oil,32,0,10,1,32,False,False,b3496822a3e1,completo
https://inkeedecoder.com/products/catrice-max-it-up-lip-booster-extreme-icy-plumper,catrice-max-it-up-lip-booster-extreme-icy-plumper,max-it-up-lip-booster-extreme-icy-plumper,,catrice,economica,explicita,no_determinado,no_declarado,,True,True,False,False,False,False,False,False,Catrice,Max It Up Lip Booster Extreme Icy Plumper,19,0,12,1,19,False,False,19d334a4de63,completo
https://inkeedecoder.com/products/essence-bloom-baby-bloom-nectar-lipgloss-01-hibis-kiss,essence-bloom-baby-bloom-nectar-lipgloss-01-hibis-kiss,bloom-baby-bloom-nectar-lipgloss,01-hibis-kiss,essence,economica,explicita,gloss,no_declarado,,True,False,False,False,False,False,False,False,Essence,"Bloom Baby, Bloom! Nectar Lipgloss - 01 Hibis-Kiss",12,0,6,1,12,False,False,f9e47cf8775c,completo
https://inkeedecoder.com/products/essence-hydra-kiss-lip-oil-honey-honey,essence-hydra-kiss-lip-oil-honey-honey,hydra-kiss-lip-oil-honey-honey,,essence,economica,explicita,aceite,no_declarado,,True,False,False,False,False,True,False,False,Essence,"Hydra Kiss Lip Oil Honey, Honey!",15,3,10,1,15,True,True,80364bde6648,completo
https://inkeedecoder.com/products/maybelline-new-york-vivid-hot-lacquer-64-unreal,maybelline-new-york-vivid-hot-lacquer-64-unreal,new-york-vivid-hot-lacquer,64-unreal,maybelline,economica,contextual,gloss,no_declarado,,True,False,False,False,False,False,False,False,Maybelline New York,Vivid Hot Lacquer 64 Unreal,22,11,12,1,22,True,True,2f2ad7ab38e8,completo
https://inkeedecoder.com/products/catrice-holiday-lips-caring-lip-balm-spf-25-balmy-breeze,catrice-holiday-lips-caring-lip-balm-spf-25-balmy-breeze,holiday-lips-caring-lip-balm-spf,25-balmy-breeze,catrice,economica,explicita,balsamo,no_declarado,,True,False,False,False,False,False,False,True,Catrice,Holiday Lips Caring Lip Balm SPF 25 Balmy Breeze,23,0,11,1,23,False,False,1f060e97a844,completo
https://inkeedecoder.com/products/catrice-vegan-collagen-matt-lipstick,catrice-vegan-collagen-matt-lipstick,vegan-collagen-matt-lipstick,,catrice,economica,explicita,barra,mate,,True,False,False,False,False,False,False,False,Catrice,Vegan Collagen Matt Lipstick,29,0,12,1,29,False,False,ce20dc2b7f8c,completo
https://inkeedecoder.com/products/catrice-demi-matt-lipstick-020,catrice-demi-matt-lipstick-020,demi-matt-lipstick,020,catrice,economica,explicita,barra,mate,,True,False,False,False,False,False,False,False,Catrice,Demi Matt Lipstick,26,0,9,1,26,False,False,58ef56e0b4c3,completo
https://inkeedecoder.com/products/revolution-pro-x-amanda-holden-best-kept-secret-lip-and-fine-line-filler,revolution-pro-x-amanda-holden-best-kept-secret-lip-and-fine-line-filler,pro-x-amanda-holden-best-kept-secret-lip-and-fine-line-filler,,revolution,economica,explicita,no_determinado,no_declarado,,True,False,False,False,False,False,False,False,Revolution Pro X Amanda Holden,Best Kept Secret Lip And Fine Line Filler,25,0,13,1,27,False,False,64944f2612ba,completo
https://inkeedecoder.com/products/catrice-butter-drippin-glossy-lip-balm-040-bisou-bisou,catrice-butter-drippin-glossy-lip-balm-040-bisou-bisou,butter-drippin-glossy-lip-balm,040-bisou-bisou,catrice,economica,explicita,balsamo,brillante,,True,False,False,False,False,False,False,False,Catrice,Butter Drippin' Glossy Lip Balm 040 Bisou Bisou,29,0,14,1,29,False,False,41da5c936872,completo
https://inkeedecoder.com/products/e-l-f-cream-glide-lip-liner,e-l-f-cream-glide-lip-liner,cream-glide-lip-liner,,elf,economica,explicita,delineador,cremoso,,True,False,False,False,False,False,False,False,e.l.f.,Cream Glide Lip Liner,16,0,7,1,17,False,False,a94a19b71461,completo
https://inkeedecoder.com/products/makeup-revolution-shimmer-bomb-lip-gloss-2,makeup-revolution-shimmer-bomb-lip-gloss-2,shimmer-bomb-lip-gloss-2,,revolution,economica,explicita,gloss,perlado,,True,False,False,False,False,False,False,False,Makeup Revolution,Shimmer Bomb Lip Gloss,18,0,9,1,19,False,False,9fb8de8a2995,completo
https://inkeedecoder.com/products/essence-what-a-tint-lip-cheek-tint-peachy-vibes,essence-what-a-tint-lip-cheek-tint-peachy-vibes,what-a-tint-lip-cheek-tint-peachy-vibes,,essence,economica,explicita,tinte,no_declarado,cheek,True,False,False,False,False,False,False,False,Essence,What A Tint! Lip & Cheek Tint Peachy Vibes,18,0,11,1,18,False,False,b69a0f46d9f6,completo
https://inkeedecoder.com/products/essence-fruit-kiss-caring-lip-balm-in-06-coconut-lust,essence-fruit-kiss-caring-lip-balm-in-06-coconut-lust,fruit-kiss-caring-lip-balm-in,06-coconut-lust,essence,economica,explicita,balsamo,no_declarado,,True,False,False,False,False,False,False,False,Essence,Fruit Kiss Caring Lip Balm In 06 Coconut Lust,16,0,9,1,16,False,False,32f1590dd382,completo
https://inkeedecoder.com/products/essence-heart-core-fruity-lip-balm-01-crazy-cherry,essence-heart-core-fruity-lip-balm-01-crazy-cherry,heart-core-fruity-lip-balm,01-crazy-cherry,essence,economica,explicita,balsamo,no_declarado,,True,False,False,False,False,False,False,False,Essence,Heart Core Fruity Lip Balm - 01 Crazy Cherry,27,0,12,1,27,False,False,d03625972345,completo
https://inkeedecoder.com/products/wet-n-wild-lip-oil,wet-n-wild-lip-oil,lip-oil,,wet-n-wild,economica,explicita,aceite,no_declarado,,True,False,False,False,False,False,False,False,Wet n Wild,Lip Oil,25,7,7,1,25,True,True,1a307fc5e1e8,completo
https://inkeedecoder.com/products/laneige-bouncy-firm-lip-treatment,laneige-bouncy-firm-lip-treatment,bouncy-firm-lip-treatment,,laneige,alta,explicita,balsamo,no_declarado,,True,False,False,False,False,False,False,False,LANEIGE,Bouncy & Firm Lip Treatment,42,0,12,1,42,False,False,2673e442abf0,completo
https://inkeedecoder.com/products/laneige-lip-glowy-balm-peach,laneige-lip-glowy-balm-peach,lip-glowy-balm-peach,,laneige,alta,explicita,balsamo,no_declarado,,True,False,False,False,False,False,False,False,LANEIGE,Lip Glowy Balm - Peach,28,0,8,1,28,False,False,519c40e4b0a0,completo
https://inkeedecoder.com/products/revolution-i-heart-revolution-tropical-lip-oil-kiwi,revolution-i-heart-revolution-tropical-lip-oil-kiwi,i-heart-revolution-tropical-lip-oil-kiwi,,revolution,economica,explicita,aceite,no_declarado,,True,False,False,False,False,False,False,False,Revolution,I Heart Revolution Tropical Lip Oil Kiwi,17,0,9,1,17,False,False,3256649dec05,completo
https://inkeedecoder.com/products/e-l-f-jelly-pop-juicy-gloss,e-l-f-jelly-pop-juicy-gloss,jelly-pop-juicy-gloss,,elf,economica,contextual,gloss,jelly,,True,False,False,False,False,True,False,False,e.l.f.,Jelly Pop Juicy Gloss,20,1,11,1,20,True,True,74b5493e6422,completo
https://inkeedecoder.com/products/catrice-power-full-5-lip-care,catrice-power-full-5-lip-care,power-full-5-lip-care,,catrice,economica,explicita,balsamo,no_declarado,,True,False,False,False,False,False,False,False,Catrice,Power Full 5 Lip Care,36,0,13,1,36,False,False,98bfa62860f5,completo
https://inkeedecoder.com/products/fenty-beauty-gloss-bomb-stix-high-shine-gloss-stick,fenty-beauty-gloss-bomb-stix-high-shine-gloss-stick,gloss-bomb-stix-high-shine-gloss-stick,,fenty-beauty,alta,contextual,gloss,brillante,,True,False,False,False,False,False,False,False,Fenty Beauty,Gloss Bomb Stix High-shine Gloss Stick,21,4,11,1,21,True,True,4840dfcba132,completo
https://inkeedecoder.com/products/chanel-les-beiges-healthy-glow-lip-balm,chanel-les-beiges-healthy-glow-lip-balm,les-beiges-healthy-glow-lip-balm,,chanel,alta,explicita,balsamo,brillante,,True,False,False,False,False,False,False,False,Chanel,Les Beiges Healthy Glow Lip Balm,44,0,13,1,44,False,False,96a9dd1376b4,completo
https://inkeedecoder.com/products/fenty-beauty-gloss-bomb-heat-universal-lip-luminizer-plumper,fenty-beauty-gloss-bomb-heat-universal-lip-luminizer-plumper,gloss-bomb-heat-universal-lip-luminizer-plumper,,fenty-beauty,alta,explicita,gloss,brillante,,True,True,False,False,False,False,False,False,Fenty Beauty,Gloss Bomb Heat Universal Lip Luminizer + Plumper,41,0,16,1,41,False,False,d8fdc2a03141,completo
https://inkeedecoder.com/products/milani-keep-it-full-glossy-plumping-balm,milani-keep-it-full-glossy-plumping-balm,keep-it-full-glossy-plumping-balm,,milani,economica,linea,balsamo,brillante,,True,True,False,False,False,False,False,False,Milani,Keep It Full Glossy Plumping Balm,25,0,13,1,27,False,False,bc1f95f00127,completo
https://inkeedecoder.com/products/milani-keep-it-full-maxxx-lip-plumper,milani-keep-it-full-maxxx-lip-plumper,keep-it-full-maxxx-lip-plumper,,milani,economica,explicita,no_determinado,no_declarado,,True,True,False,False,False,False,False,False,Milani,Keep It Full Maxxx Lip Plumper,37,0,15,1,38,False,False,8de24536a84b,completo
https://inkeedecoder.com/products/nyx-professional-makeup-fat-matte-smooth-color-lipstick,nyx-professional-makeup-fat-matte-smooth-color-lipstick,professional-makeup-fat-matte-smooth-color-lipstick,,nyx,economica,explicita,barra,mate,,True,False,False,False,False,False,False,False,NYX Professional Makeup,Fat Matte Smooth Color Lipstick,34,0,10,1,34,False,False,24d30bede141,completo
https://inkeedecoder.com/products/revlon-super-lustrous-glimmer-lip-oil,revlon-super-lustrous-glimmer-lip-oil,super-lustrous-glimmer-lip-oil,,revlon,economica,explicita,aceite,no_declarado,,True,False,False,False,False,False,False,False,Revlon,Super Lustrous Glimmer Lip Oil,18,3,9,1,18,True,True,d7f9a8e2c33d,completo
https://inkeedecoder.com/products/wet-n-wild-perfect-pout-gel-lip-liner,wet-n-wild-perfect-pout-gel-lip-liner,perfect-pout-gel-lip-liner,,wet-n-wild,economica,explicita,delineador,jelly,,True,False,False,False,False,False,False,False,Wet n Wild,Perfect Pout Gel Lip Liner,13,8,7,1,13,True,True,9215e9bfe421,completo
https://inkeedecoder.com/products/catrice-hemp-mint-glow-lip-balm,catrice-hemp-mint-glow-lip-balm,hemp-mint-glow-lip-balm,,catrice,economica,explicita,balsamo,brillante,,True,False,False,False,False,False,False,False,Catrice,Hemp & Mint Glow Lip Balm,22,0,11,1,22,False,False,b12207ea2668,completo
https://inkeedecoder.com/products/mac-m-a-cximal-silky-matte-lipstick,mac-m-a-cximal-silky-matte-lipstick,m-a-cximal-silky-matte-lipstick,,mac,alta,explicita,barra,mate,,True,False,False,False,False,False,False,False,MAC,M·a·cximal Silky Matte Lipstick,22,19,9,1,22,True,True,e00158a816fe,completo
https://inkeedecoder.com/products/charlotte-tilbury-hyaluronic-happikiss-lipstick-balm,charlotte-tilbury-hyaluronic-happikiss-lipstick-balm,hyaluronic-happikiss-lipstick-balm,,charlotte-tilbury,alta,explicita,barra,no_declarado,,True,False,False,False,False,False,False,False,Charlotte Tilbury,Hyaluronic Happikiss Lipstick Balm,22,4,10,1,22,True,True,e151fcb6d3c7,completo
https://inkeedecoder.com/products/clinique-almost-lipstick,clinique-almost-lipstick,almost-lipstick,,clinique,alta,explicita,barra,no_declarado,,True,False,False,False,False,False,False,False,Clinique,Almost Lipstick,9,14,6,1,9,True,True,8bb523d8543f,completo
https://inkeedecoder.com/products/clinique-all-about-lips-can,clinique-all-about-lips-can,all-about-lips-can,,clinique,alta,explicita,no_determinado,no_declarado,,True,False,False,False,False,False,False,False,Clinique,All About Lips [CAN],37,0,14,1,37,False,False,3eec595f6f17,completo
https://inkeedecoder.com/products/dior-lip-maximizer-2023,dior-lip-maximizer-2023,lip-maximizer,2023,dior,alta,explicita,no_determinado,no_declarado,,True,True,False,False,False,False,False,False,Dior,Lip Maximizer 2023,20,3,9,1,20,True,True,aba950d5a064,completo
https://inkeedecoder.com/products/catrice-care-in-colours-lip-balm-half-baked-cookies,catrice-care-in-colours-lip-balm-half-baked-cookies,care-in-colours-lip-balm-half-baked-cookies,,catrice,economica,explicita,balsamo,no_declarado,,True,False,False,False,False,False,False,False,Catrice,Care In Colours Lip Balm Half Baked Cookies,14,0,6,1,14,False,False,5e3c007764d5,completo
https://inkeedecoder.com/products/revolution-blur-lip-shaper,revolution-blur-lip-shaper,blur-lip-shaper,,revolution,economica,explicita,no_determinado,blur,,True,False,False,False,False,False,False,False,Revolution,Blur Lip Shaper,17,5,11,1,19,True,True,f511e6314fe7,completo
https://inkeedecoder.com/products/makeup-revolution-pout-balm,makeup-revolution-pout-balm,pout-balm,,revolution,economica,explicita,balsamo,no_declarado,,True,False,False,False,False,False,False,False,Makeup Revolution,Pout Balm,28,0,12,1,29,False,False,cfdf8900002a,completo
https://inkeedecoder.com/products/dior-addict-lipstick-720,dior-addict-lipstick-720,addict-lipstick,720,dior,alta,explicita,barra,no_declarado,,True,False,False,False,False,False,False,False,Dior,Addict Lipstick 720,30,0,9,1,30,False,False,f69731e873a1,completo
https://inkeedecoder.com/products/chanel-rouge-allure-ink-148-libere-rouge,chanel-rouge-allure-ink-148-libere-rouge,rouge-allure-ink,148-libere-rouge,chanel,alta,contextual,liquido,no_declarado,,True,False,False,False,False,False,False,False,Chanel,Rouge Allure Ink - 148 Libère Rouge,47,0,13,1,47,False,False,af8b2490dabd,completo
https://inkeedecoder.com/products/milani-keep-it-full-nourishing-lip-plumper-gloss,milani-keep-it-full-nourishing-lip-plumper-gloss,keep-it-full-nourishing-lip-plumper-gloss,,milani,economica,explicita,gloss,brillante,,True,True,False,False,False,True,False,False,Milani,Keep It Full Nourishing Lip Plumper Gloss,27,9,15,1,27,True,True,6f8a72910dc3,completo
https://inkeedecoder.com/products/nyx-professional-makeup-jelly-job-lip-gloss,nyx-professional-makeup-jelly-job-lip-gloss,professional-makeup-jelly-job-lip-gloss,,nyx,economica,explicita,gloss,jelly,,True,False,False,False,False,False,False,False,NYX Professional Makeup,Jelly Job Lip Gloss,38,0,11,1,38,False,False,af51ca498926,completo
https://inkeedecoder.com/products/catrice-cosmetics-lip-cushion,catrice-cosmetics-lip-cushion,cosmetics-lip-cushion,,catrice,economica,explicita,cushion,no_declarado,,True,False,False,False,False,False,False,False,Catrice Cosmetics,Lip Cushion,17,0,7,1,17,False,False,9eb5586e48cc,completo
https://inkeedecoder.com/products/wet-n-wild-mega-glitter-shimmer-liquid-lipstick-hear-me-out,wet-n-wild-mega-glitter-shimmer-liquid-lipstick-hear-me-out,mega-glitter-shimmer-liquid-lipstick-hear-me-out,,wet-n-wild,economica,explicita,liquido,glitter,,True,False,False,False,False,False,False,False,Wet n Wild,Mega Glitter Shimmer Liquid Lipstick – Hear Me Out,18,7,8,1,18,True,True,c50df3c1fbcd,completo
https://inkeedecoder.com/products/essence-heart-core-fruity-lip-balm-06-amazing-acai,essence-heart-core-fruity-lip-balm-06-amazing-acai,heart-core-fruity-lip-balm,06-amazing-acai,essence,economica,explicita,balsamo,no_declarado,,True,False,False,False,False,False,False,False,Essence,Heart Core Fruity Lip Balm 06 Amazing Acai,20,0,11,1,20,False,False,a934bddbd03f,completo
https://inkeedecoder.com/products/catrice-melt-shine-juicy-lip-balm-070-pink-hawaii,catrice-melt-shine-juicy-lip-balm-070-pink-hawaii,melt-shine-juicy-lip-balm,070-pink-hawaii,catrice,economica,explicita,balsamo,brillante,,True,False,False,False,False,True,False,False,Catrice,Melt & Shine Juicy Lip Balm 070 Pink Hawaii,25,0,9,1,25,False,False,ad7923075164,completo
https://inkeedecoder.com/products/e-l-f-glow-reviver-lip-oil-pink-quartz,e-l-f-glow-reviver-lip-oil-pink-quartz,glow-reviver-lip-oil-pink-quartz,,elf,economica,explicita,aceite,brillante,,True,False,False,False,False,False,False,False,e.l.f.,Glow Reviver Lip Oil (Pink Quartz),18,4,8,1,18,True,True,827b290aafc4,completo
https://inkeedecoder.com/products/essence-soft-contouring-lip-liner,essence-soft-contouring-lip-liner,soft-contouring-lip-liner,,essence,economica,explicita,delineador,no_declarado,,True,False,False,False,False,False,False,False,Essence,Soft Contouring Lip Liner,13,0,9,1,13,False,False,22c32a846bc5,completo
https://inkeedecoder.com/products/catrice-cosmetics-care-in-colours-lip-balm,catrice-cosmetics-care-in-colours-lip-balm,cosmetics-care-in-colours-lip-balm,,catrice,economica,explicita,balsamo,no_declarado,,True,False,False,False,False,False,False,False,Catrice Cosmetics,Care In Colours Lip Balm,13,0,6,1,13,False,False,52cc36f85a63,completo
https://inkeedecoder.com/products/revlon-colorburst-lip-butter,revlon-colorburst-lip-butter,colorburst-lip-butter,,revlon,economica,explicita,barra,cremoso,,True,False,False,False,False,False,False,False,Revlon,Colorburst Lip Butter,22,0,8,1,24,False,False,8e21faf9e9ff,completo
https://inkeedecoder.com/products/kiko-make-up-double-touch-lipstick,kiko-make-up-double-touch-lipstick,make-up-double-touch-lipstick,,kiko,economica,explicita,barra,no_declarado,,True,False,False,False,False,False,False,False,KIKO Make Up,Double Touch Lipstick,13,14,12,1,13,True,True,40182a8f320a,completo
https://inkeedecoder.com/products/dior-rouge-dior-on-stage,dior-rouge-dior-on-stage,rouge-dior-on-stage,,dior,alta,contextual,barra,no_declarado,,True,False,False,False,False,False,False,False,Dior,Rouge Dior On Stage,37,5,12,1,37,True,True,1f479218f78c,completo
https://inkeedecoder.com/products/catrice-lip-cushion-protecting-multi-balm-coffee-cocoa,catrice-lip-cushion-protecting-multi-balm-coffee-cocoa,lip-cushion-protecting-multi-balm-coffee-cocoa,,catrice,economica,explicita,balsamo,no_declarado,,True,False,False,False,False,False,False,False,Catrice,Lip Cushion Protecting Multi Balm Coffee & Cocoa,20,0,7,1,20,False,False,812aafb3374f,completo
https://inkeedecoder.com/products/wet-n-wild-megalast-lock-n-shine-lip-color-gloss,wet-n-wild-megalast-lock-n-shine-lip-color-gloss,megalast-lock-n-shine-lip-color-gloss,,wet-n-wild,economica,explicita,gloss,brillante,,True,False,True,False,False,False,False,False,Wet n Wild,Megalast Lock ‘n’ Shine Lip Color + Gloss,19,16,6,1,19,True,True,36ef823c8d28,completo
https://inkeedecoder.com/products/loreal-paradise-hyaluron-tint-lip-stain-serum,loreal-paradise-hyaluron-tint-lip-stain-serum,paradise-hyaluron-tint-lip-stain-serum,,loreal,economica,explicita,tinte,no_declarado,,True,False,False,False,False,False,False,False,L'Oreal,Paradise Hyaluron Tint Lip Stain Serum,25,7,12,1,25,True,True,1f2ae3cdb1c5,completo
https://inkeedecoder.com/products/essence-everlasting-blooms-lip-cheek-stick,essence-everlasting-blooms-lip-cheek-stick,everlasting-blooms-lip-cheek-stick,,essence,economica,explicita,barra,no_declarado,cheek,True,False,False,False,False,False,False,False,Essence,Everlasting Blooms Lip & Cheek Stick,16,0,6,1,16,False,False,042bafa5d5b1,completo
https://inkeedecoder.com/products/kiko-milano-smart-fusion-matte-lip-crayon-06-cherry-red,kiko-milano-smart-fusion-matte-lip-crayon-06-cherry-red,milano-smart-fusion-matte-lip-crayon,06-cherry-red,kiko,economica,explicita,delineador,mate,,True,False,False,False,False,False,False,False,KIKO Milano,Smart Fusion Matte Lip Crayon - 06 Cherry Red,23,0,13,1,23,False,False,2a1d60892077,completo
https://inkeedecoder.com/products/dior-rouge-dior-forever-liquid,dior-rouge-dior-forever-liquid,rouge-dior-forever-liquid,,dior,alta,contextual,liquido,no_declarado,,True,False,True,False,False,False,False,False,Dior,Rouge Dior Forever Liquid,13,7,10,1,13,True,True,ff216b9a0314,completo
https://inkeedecoder.com/products/chanel-rouge-coco-ultra-hydrating-lip-color,chanel-rouge-coco-ultra-hydrating-lip-color,rouge-coco-ultra-hydrating-lip-color,,chanel,alta,explicita,barra,no_declarado,,True,False,False,False,False,True,False,False,Chanel,Rouge Coco Ultra Hydrating Lip Color,46,0,13,1,46,False,False,4eaf9ab7b957,completo
https://inkeedecoder.com/products/chanel-rouge-allure-velvet-extreme,chanel-rouge-allure-velvet-extreme,rouge-allure-velvet-extreme,,chanel,alta,contextual,barra,mate,,True,False,False,False,False,False,False,False,Chanel,Rouge Allure Velvet Extreme,45,0,12,1,45,False,False,82f4a3da0610,completo
https://inkeedecoder.com/products/milani-keep-it-full-maxxx-balmshell-plumping-lip-balm,milani-keep-it-full-maxxx-balmshell-plumping-lip-balm,keep-it-full-maxxx-balmshell-plumping-lip-balm,,milani,economica,explicita,balsamo,no_declarado,,True,True,False,False,False,False,False,False,Milani,Keep It Full Maxxx Balmshell Plumping Lip Balm,38,0,15,1,38,False,False,cea07c871766,completo
https://inkeedecoder.com/products/wet-n-wild-mega-last-lip-color,wet-n-wild-mega-last-lip-color,mega-last-lip-color,,wet-n-wild,economica,explicita,barra,no_declarado,,True,False,True,False,False,False,False,False,Wet n Wild,Mega Last Lip Color,31,10,11,1,31,True,True,3c3098c0e2ca,completo
https://inkeedecoder.com/products/loreal-hyaluron-lip-oil,loreal-hyaluron-lip-oil,hyaluron-lip-oil,,loreal,economica,explicita,aceite,no_declarado,,True,False,False,False,False,False,False,False,L'Oreal,Hyaluron Lip Oil,35,14,16,1,35,True,True,3f0d59879d5a,completo
https://inkeedecoder.com/products/essence-juicy-glow-juicy-bomb-lip-oil-02-strawberry-star,essence-juicy-glow-juicy-bomb-lip-oil-02-strawberry-star,juicy-glow-juicy-bomb-lip-oil,02-strawberry-star,essence,economica,explicita,aceite,brillante,,True,False,False,False,False,True,False,False,Essence,Juicy Glow Juicy Bomb Lip Oil 02 Strawberry Star,16,0,10,1,17,False,False,0b230fe17d77,completo
https://inkeedecoder.com/products/e-l-f-velvet-matte-lipstick,e-l-f-velvet-matte-lipstick,velvet-matte-lipstick,,elf,economica,explicita,barra,mate,,True,False,False,False,False,False,False,False,e.l.f.,Velvet Matte Lipstick,20,2,9,1,20,True,True,e6c160d171cc,completo
https://inkeedecoder.com/products/e-l-f-glossy-lip-stain,e-l-f-glossy-lip-stain,glossy-lip-stain,,elf,economica,explicita,tinte,brillante,,True,False,False,False,False,False,False,False,e.l.f.,Glossy Lip Stain,20,5,11,1,20,True,True,c1b42f47e915,completo
https://inkeedecoder.com/products/mac-lustreglass-sheer-shine-lipstick-in-shade-hug-me-new-formula,mac-lustreglass-sheer-shine-lipstick-in-shade-hug-me-new-formula,lustreglass-sheer-shine-lipstick-in-shade-hug-me-new-formula,,mac,alta,explicita,barra,brillante,,True,False,False,False,False,False,False,False,MAC,Lustreglass Sheer Shine Lipstick in shade Hug Me [new formula],42,30,16,1,42,True,True,c02586cb3e53,completo
https://inkeedecoder.com/products/essence-golden-days-ahead-lip-oil,essence-golden-days-ahead-lip-oil,golden-days-ahead-lip-oil,,essence,economica,explicita,aceite,no_declarado,,True,False,False,False,False,False,False,False,Essence,Golden Days Ahead Lip Oil,15,0,7,1,15,False,False,bd1046f0be14,completo
https://inkeedecoder.com/products/e-l-f-ride-or-die-lip-balm,e-l-f-ride-or-die-lip-balm,ride-or-die-lip-balm,,elf,economica,explicita,balsamo,no_declarado,,True,False,False,False,False,False,False,False,e.l.f.,Ride Or Die Lip Balm,11,4,9,1,11,True,True,fb84ee2cd7c9,completo
https://inkeedecoder.com/products/charlotte-tilbury-lip-lustre,charlotte-tilbury-lip-lustre,lip-lustre,,charlotte-tilbury,alta,explicita,gloss,no_declarado,,True,False,False,False,False,False,False,False,Charlotte Tilbury,Lip Lustre,11,5,5,1,11,True,True,727b4a78d83c,completo
https://inkeedecoder.com/products/catrice-melt-shine-juicy-lip-balm-080-lost-at-sea,catrice-melt-shine-juicy-lip-balm-080-lost-at-sea,melt-shine-juicy-lip-balm,080-lost-at-sea,catrice,economica,explicita,balsamo,brillante,,True,False,False,False,False,True,False,False,Catrice,Melt & Shine Juicy Lip Balm 080 Lost At Sea,23,0,9,1,23,False,False,dfba0d5d4c58,completo
https://inkeedecoder.com/products/catrice-plump-it-up-lip-booster-selflove-amd-glitter,catrice-plump-it-up-lip-booster-selflove-amd-glitter,plump-it-up-lip-booster-selflove-amd-glitter,,catrice,economica,explicita,no_determinado,glitter,,True,True,False,False,False,False,False,False,Catrice,Plump It Up Lip Booster Selflove Amd Glitter,31,0,10,1,31,False,False,e2c015101318,completo
https://inkeedecoder.com/products/chanel-ndeg1-de-chanel-lip-and-cheek-balm,chanel-ndeg1-de-chanel-lip-and-cheek-balm,ndeg1-de-chanel-lip-and-cheek-balm,,chanel,alta,explicita,balsamo,no_declarado,cheek,True,False,False,False,False,False,False,False,Chanel,N°1 De Chanel Lip And Cheek Balm,15,17,8,1,15,True,True,65d9e371a60d,completo
https://inkeedecoder.com/products/chanel-rouge-coco-gloss-moisturizing-glossimer,chanel-rouge-coco-gloss-moisturizing-glossimer,rouge-coco-gloss-moisturizing-glossimer,,chanel,alta,contextual,gloss,brillante,,True,False,False,False,False,True,False,False,Chanel,Rouge Coco Gloss Moisturizing Glossimer,50,0,15,1,50,False,False,01193976daa9,completo
https://inkeedecoder.com/products/e-l-f-love-triangle-lip-filler-liner,e-l-f-love-triangle-lip-filler-liner,love-triangle-lip-filler-liner,,elf,economica,explicita,delineador,no_declarado,,True,False,False,False,False,False,False,False,e.l.f.,Love Triangle Lip Filler Liner,19,0,9,1,19,False,False,89ca7ee1f5e0,completo
https://inkeedecoder.com/products/catrice-lip-jam-hydrating-lip-gloss-030-a-little-peach-of-heaven,catrice-lip-jam-hydrating-lip-gloss-030-a-little-peach-of-heaven,lip-jam-hydrating-lip-gloss,030-a-little-peach-of-heaven,catrice,economica,explicita,gloss,brillante,,True,False,False,False,False,True,False,False,Catrice,Lip Jam Hydrating Lip Gloss - 030 A Little Peach Of Heaven,23,0,9,1,23,False,False,fa641f46f398,completo
https://inkeedecoder.com/products/essence-meta-glow-multi-reflective-lipgloss-01-cyber-space,essence-meta-glow-multi-reflective-lipgloss-01-cyber-space,meta-glow-multi-reflective-lipgloss,01-cyber-space,essence,economica,explicita,gloss,brillante,,True,False,False,False,False,False,False,False,Essence,Meta Glow Multi-Reflective Lipgloss 01 Cyber Space,17,0,10,1,17,False,False,f9309ac573fb,completo
https://inkeedecoder.com/products/wet-n-wild-mega-last-matte-lip-color,wet-n-wild-mega-last-matte-lip-color,mega-last-matte-lip-color,,wet-n-wild,economica,explicita,barra,mate,,True,False,True,False,False,False,False,False,Wet n Wild,Mega Last Matte Lip Color,45,10,10,1,49,True,True,5a772b4cbe1a,completo
https://inkeedecoder.com/products/makeup-revolution-lip-oil-2,makeup-revolution-lip-oil-2,lip-oil-2,,revolution,economica,explicita,aceite,no_declarado,,True,False,False,False,False,False,False,False,Makeup Revolution,Lip Oil,9,0,7,1,9,False,False,5d8729cc95f8,completo
https://inkeedecoder.com/products/dior-rouge-dior-ultra-rouge-lipstick,dior-rouge-dior-ultra-rouge-lipstick,rouge-dior-ultra-rouge-lipstick,,dior,alta,explicita,barra,no_declarado,,True,False,False,False,False,False,False,False,Dior,Rouge Dior Ultra Rouge Lipstick,18,15,11,1,18,True,True,cf1935a2875b,completo
https://inkeedecoder.com/products/essence-cute-as-shell-ph-reacting-lip-tint,essence-cute-as-shell-ph-reacting-lip-tint,cute-as-shell-ph-reacting-lip-tint,,essence,economica,explicita,tinte,no_declarado,,True,False,False,False,False,False,False,False,Essence,Cute As Shell pH-Reacting Lip Tint,15,0,11,1,15,False,False,ea80a574c893,completo
https://inkeedecoder.com/products/catrice-perfect-morning-beauty-aid-protecting-lip-balm,catrice-perfect-morning-beauty-aid-protecting-lip-balm,perfect-morning-beauty-aid-protecting-lip-balm,,catrice,economica,explicita,balsamo,no_declarado,,True,False,False,False,False,False,False,False,Catrice,Perfect Morning Beauty Aid Protecting Lip Balm,28,0,13,1,28,False,False,d07113389aa8,completo
https://inkeedecoder.com/products/nyx-this-is-milky-lip-gloss,nyx-this-is-milky-lip-gloss,this-is-milky-lip-gloss,,nyx,economica,explicita,gloss,brillante,,True,False,False,False,False,False,False,False,NYX,This Is Milky Lip Gloss,34,6,14,1,34,True,True,4fa892ccb470,completo
https://inkeedecoder.com/products/catrice-power-full-5-glossy-lip-oil-020-cherry-blossom-glow,catrice-power-full-5-glossy-lip-oil-020-cherry-blossom-glow,power-full-5-glossy-lip-oil,020-cherry-blossom-glow,catrice,economica,explicita,aceite,brillante,,True,False,False,False,False,False,False,False,Catrice,Power Full 5 Glossy Lip Oil - 020 Cherry Blossom Glow,22,0,9,1,22,False,False,50cd34b1a55f,completo
https://inkeedecoder.com/products/catrice-glossin-glow-tinted-lip-oil-020-drama-mama,catrice-glossin-glow-tinted-lip-oil-020-drama-mama,glossin-glow-tinted-lip-oil,020-drama-mama,catrice,economica,explicita,aceite,brillante,,True,False,False,False,False,False,False,False,Catrice,Glossin' Glow Tinted Lip Oil 020 Drama Mama,12,0,8,1,12,False,False,accb3a01a25e,completo
https://inkeedecoder.com/products/essence-lip-care-booster-lip-serum-10-peach-oil,essence-lip-care-booster-lip-serum-10-peach-oil,lip-care-booster-lip-serum,10-peach-oil,essence,economica,explicita,balsamo,no_declarado,,True,True,False,False,False,False,False,False,Essence,Lip Care Booster Lip Serum 10% Peach Oil,29,0,13,1,29,False,False,2c11d18936df,completo
https://inkeedecoder.com/products/fenty-beauty-icon-the-fill-semi-matte-refillable-lipstick,fenty-beauty-icon-the-fill-semi-matte-refillable-lipstick,icon-the-fill-semi-matte-refillable-lipstick,,fenty-beauty,alta,explicita,barra,mate,,True,False,False,False,False,False,False,False,Fenty Beauty,Icon The Fill Semi-matte Refillable Lipstick,38,0,13,1,39,False,False,d11b4b8987fd,completo
https://inkeedecoder.com/products/revolution-skincare-hylaboost-hyaluronic-lip-fix,revolution-skincare-hylaboost-hyaluronic-lip-fix,skincare-hylaboost-hyaluronic-lip-fix,,revolution,economica,explicita,no_determinado,no_declarado,,True,False,True,False,False,False,False,False,Revolution Skincare,Hylaboost Hyaluronic Lip Fix,38,0,15,1,39,False,False,3b48fff1c4eb,completo
https://inkeedecoder.com/products/revolution-ceramide-lip-swirl-pure-gloss-clear,revolution-ceramide-lip-swirl-pure-gloss-clear,ceramide-lip-swirl-pure-gloss-clear,,revolution,economica,explicita,gloss,brillante,,True,False,False,False,False,False,False,False,Revolution,Ceramide Lip Swirl Pure Gloss Clear,17,0,8,1,18,False,False,bd89ec6c34e4,completo
https://inkeedecoder.com/products/essence-juicy-bomb-shiny-lipgloss-02-lovely-raspberry,essence-juicy-bomb-shiny-lipgloss-02-lovely-raspberry,juicy-bomb-shiny-lipgloss,02-lovely-raspberry,essence,economica,explicita,gloss,brillante,,True,False,False,False,False,True,False,False,Essence,Juicy Bomb Shiny Lipgloss - 02 Lovely Raspberry,20,0,12,1,20,False,False,314dc5966c13,completo
https://inkeedecoder.com/products/catrice-diamond-glaze-lip-gloss-030-less-bitter-more-glitter,catrice-diamond-glaze-lip-gloss-030-less-bitter-more-glitter,diamond-glaze-lip-gloss,030-less-bitter-more-glitter,catrice,economica,explicita,gloss,glitter,,True,False,False,False,False,False,False,False,Catrice,Diamond Glaze Lip Gloss 030 Less Bitter More Glitter,22,0,10,1,22,False,False,e3e249b468f3,completo
https://inkeedecoder.com/products/revolution-pout-lip-oil,revolution-pout-lip-oil,pout-lip-oil,,revolution,economica,explicita,aceite,no_declarado,,True,False,False,False,False,False,False,False,Revolution,Pout Lip Oil,34,0,13,1,34,False,False,bafffe1f3e69,completo
https://inkeedecoder.com/products/e-l-f-glow-reviver-plumping-lip-oil,e-l-f-glow-reviver-plumping-lip-oil,glow-reviver-plumping-lip-oil,,elf,economica,explicita,aceite,brillante,,True,True,False,False,False,False,False,False,e.l.f.,Glow Reviver Plumping Lip Oil,27,6,12,1,27,True,True,d12b7cfcd5a9,completo
https://inkeedecoder.com/products/too-faced-lip-injection-extreme-lip-plumper,too-faced-lip-injection-extreme-lip-plumper,lip-injection-extreme-lip-plumper,,too-faced,alta,explicita,no_determinado,no_declarado,,True,True,False,False,False,False,False,False,Too Faced,Lip Injection Extreme Lip Plumper,27,0,14,1,27,False,False,2ab09f62c32c,completo
https://inkeedecoder.com/products/dior-rouge-dior,dior-rouge-dior,rouge-dior,,dior,alta,contextual,barra,no_declarado,,True,False,False,False,False,False,False,False,Dior,Rouge Dior,24,5,9,1,24,True,True,e91095428a16,completo
https://inkeedecoder.com/products/essence-the-super-balm-glossy-lip-treatment,essence-the-super-balm-glossy-lip-treatment,the-super-balm-glossy-lip-treatment,,essence,economica,explicita,balsamo,brillante,,True,False,False,False,False,False,False,False,Essence,The Super Balm Glossy Lip Treatment,23,0,9,1,23,False,False,99f33f4a9c95,completo
https://inkeedecoder.com/products/dior-dior-addict-lip-glow-butter-105-lychee,dior-dior-addict-lip-glow-butter-105-lychee,dior-addict-lip-glow-butter,105-lychee,dior,alta,explicita,balsamo,brillante,,True,False,False,False,False,False,False,False,Dior,Dior Addict Lip Glow Butter -105 Lychee,33,4,15,1,33,True,True,fad4e592b5bc,completo
https://inkeedecoder.com/products/kiko-milano-smart-fusion-lipstick,kiko-milano-smart-fusion-lipstick,milano-smart-fusion-lipstick,,kiko,economica,explicita,barra,no_declarado,,True,False,False,False,False,False,False,False,KIKO Milano,Smart Fusion Lipstick,16,9,8,1,16,True,True,498278e08624,completo
https://inkeedecoder.com/products/catrice-drunkn-diamonds-plumping-lip-balm-020,catrice-drunkn-diamonds-plumping-lip-balm-020,drunkn-diamonds-plumping-lip-balm,020,catrice,economica,explicita,balsamo,no_declarado,,True,True,False,False,False,False,False,False,Catrice,Drunk'n Diamonds Plumping Lip Balm 020,39,0,13,1,39,False,False,ff833253e347,completo
https://inkeedecoder.com/products/catrice-max-it-up-lip-booster-extreme-pearl-plumper,catrice-max-it-up-lip-booster-extreme-pearl-plumper,max-it-up-lip-booster-extreme-pearl-plumper,,catrice,economica,explicita,no_determinado,perlado,,True,True,False,False,False,False,False,False,Catrice,Max It Up Lip Booster Extreme Pearl Plumper,22,0,12,1,22,False,False,584587bdde24,completo
https://inkeedecoder.com/products/fenty-beauty-gloss-bomb-glass-slipper,fenty-beauty-gloss-bomb-glass-slipper,gloss-bomb-glass-slipper,,fenty-beauty,alta,contextual,gloss,brillante,,True,False,False,False,False,False,False,False,Fenty Beauty,Gloss Bomb - Glass Slipper,16,0,8,1,16,False,False,fee7877ce5e9,completo
https://inkeedecoder.com/products/revlon-colorstay-suede-ink-tm-lipstick,revlon-colorstay-suede-ink-tm-lipstick,colorstay-suede-ink-tm-lipstick,,revlon,economica,explicita,barra,mate,,True,False,False,False,False,False,False,False,Revlon,ColorStay Suede Ink™ Lipstick,17,9,9,1,17,True,True,2b8503c81150,completo
https://inkeedecoder.com/products/laneige-lip-glowy-balm-vanilla,laneige-lip-glowy-balm-vanilla,lip-glowy-balm-vanilla,,laneige,alta,explicita,balsamo,no_declarado,,True,False,False,False,False,False,False,False,LANEIGE,Lip Glowy Balm (Vanilla),29,0,9,1,29,False,False,0ece22ade281,completo
https://inkeedecoder.com/products/mac-lip-pencil,mac-lip-pencil,lip-pencil,,mac,alta,explicita,delineador,no_declarado,,True,False,False,False,False,False,False,False,MAC,Lip Pencil,7,22,7,1,7,True,True,3ddc8ffde514,completo
https://inkeedecoder.com/products/nyx-professional-makeup-slim-lip-pencil,nyx-professional-makeup-slim-lip-pencil,professional-makeup-slim-lip-pencil,,nyx,economica,explicita,delineador,no_declarado,,True,False,False,False,False,False,False,False,NYX Professional Makeup,Slim Lip Pencil,10,0,5,1,10,False,False,9f99f1eb44f9,completo
https://inkeedecoder.com/products/catrice-melt-plump-juicy-lip-plumper,catrice-melt-plump-juicy-lip-plumper,melt-plump-juicy-lip-plumper,,catrice,economica,explicita,no_determinado,no_declarado,,True,True,False,False,False,True,False,False,Catrice,Melt & Plump Juicy Lip Plumper,28,0,13,1,28,False,False,cd5879d67cdd,completo
https://inkeedecoder.com/products/benefit-benetint-liquid-lip-cheek-stain,benefit-benetint-liquid-lip-cheek-stain,benetint-liquid-lip-cheek-stain,,benefit,alta,explicita,tinte,no_declarado,cheek,True,False,False,False,False,False,False,False,Benefit,Benetint Liquid Lip & Cheek Stain,17,1,12,1,17,True,True,6d0320bd3b24,completo
https://inkeedecoder.com/products/wet-n-wild-perfect-pout-gel-lip-liner-lay-down-the-mauves,wet-n-wild-perfect-pout-gel-lip-liner-lay-down-the-mauves,perfect-pout-gel-lip-liner-lay-down-the-mauves,,wet-n-wild,economica,explicita,delineador,jelly,,True,False,False,False,False,False,False,False,Wet n Wild,Perfect Pout Gel Lip Liner | Lay Down The Mauves,17,9,9,1,17,True,True,bc914b63410b,completo
https://inkeedecoder.com/products/catrice-wild-hibiscus-glow-lip-balm,catrice-wild-hibiscus-glow-lip-balm,wild-hibiscus-glow-lip-balm,,catrice,economica,explicita,balsamo,brillante,,True,False,False,False,False,False,False,False,Catrice,Wild Hibiscus Glow Lip Balm,24,0,10,1,24,False,False,a76a19b53749,completo
https://inkeedecoder.com/products/loreal-matte-resistance-liquid-lipstick,loreal-matte-resistance-liquid-lipstick,matte-resistance-liquid-lipstick,,loreal,economica,linea,liquido,mate,,True,False,False,False,False,False,False,False,L'Oreal,Matte Resistance Liquid Lipstick,17,11,9,1,17,True,True,6822b893b4b1,completo
https://inkeedecoder.com/products/essence-extreme-shine-volume-lipgloss-08,essence-extreme-shine-volume-lipgloss-08,extreme-shine-volume-lipgloss,08,essence,economica,explicita,gloss,brillante,,True,True,False,False,False,False,False,False,Essence,Extreme Shine Volume Lipgloss 08,19,0,8,1,19,False,False,4c2f6106c81b,completo
https://inkeedecoder.com/products/catrice-volumizing-extreme-lip-balm-010-plump-it-like-its-hot,catrice-volumizing-extreme-lip-balm-010-plump-it-like-its-hot,volumizing-extreme-lip-balm,010-plump-it-like-its-hot,catrice,economica,explicita,balsamo,no_declarado,,True,True,False,False,False,False,False,False,Catrice,Volumizing Extreme Lip Balm - 010 Plump It Like It’s Hot!,36,0,12,1,36,False,False,77d11a43948c,completo
https://inkeedecoder.com/products/laneige-lip-glowy-balm-sweet-candy,laneige-lip-glowy-balm-sweet-candy,lip-glowy-balm-sweet-candy,,laneige,alta,explicita,balsamo,no_declarado,,True,False,False,False,False,False,False,False,LANEIGE,Lip Glowy Balm Sweet Candy,30,0,11,1,30,False,False,0d187e4ddf61,completo
https://inkeedecoder.com/products/catrice-lip-super-serum-2,catrice-lip-super-serum-2,lip-super-serum-2,,catrice,economica,explicita,balsamo,no_declarado,,True,False,False,False,False,False,False,False,Catrice,Lip Super Serum,13,0,7,1,13,False,False,ee0ee7cbfd7b,completo
https://inkeedecoder.com/products/essence-bloomin-bright-lip-glow-stick,essence-bloomin-bright-lip-glow-stick,bloomin-bright-lip-glow-stick,,essence,economica,explicita,barra,brillante,,True,False,False,False,False,False,False,False,Essence,Bloomin' Bright Lip Glow Stick,16,0,8,1,16,False,False,4a612bdf57d2,completo
https://inkeedecoder.com/products/elf-squeeze-me-lip-balm-strawberry,elf-squeeze-me-lip-balm-strawberry,squeeze-me-lip-balm-strawberry,,elf,economica,explicita,balsamo,no_declarado,,True,False,False,False,False,False,False,False,elf,Squeeze Me Lip Balm Strawberry,34,4,13,1,34,True,True,7564549fa672,completo
https://inkeedecoder.com/products/catrice-spring-and-the-city-glossy-nectar-lip-oil,catrice-spring-and-the-city-glossy-nectar-lip-oil,spring-and-the-city-glossy-nectar-lip-oil,,catrice,economica,explicita,aceite,brillante,,True,False,False,False,False,False,False,False,Catrice,Spring And The City Glossy Nectar Lip Oil,19,0,10,1,19,False,False,9ebfca1acea4,completo
https://inkeedecoder.com/products/essence-what-the-fake-oh-my-plump-plumping-lip-filler,essence-what-the-fake-oh-my-plump-plumping-lip-filler,what-the-fake-oh-my-plump-plumping-lip-filler,,essence,economica,explicita,no_determinado,no_declarado,,True,True,False,False,False,False,False,False,Essence,What The Fake! Oh My Plump! Plumping Lip Filler.,28,0,12,1,28,False,False,6b090bd1b4d6,completo
https://inkeedecoder.com/products/mac-powder-kiss-velvet-blur-slim-stick,mac-powder-kiss-velvet-blur-slim-stick,powder-kiss-velvet-blur-slim-stick,,mac,alta,linea,barra,blur,,True,False,False,False,False,False,False,False,MAC,Powder Kiss Velvet Blur Slim Stick,24,15,12,1,24,True,True,f7606732ee36,completo
https://inkeedecoder.com/products/revolution-lip-nourishing-tint-with-cannabis-sativa-energy,revolution-lip-nourishing-tint-with-cannabis-sativa-energy,lip-nourishing-tint-with-cannabis-sativa-energy,,revolution,economica,explicita,tinte,no_declarado,,True,False,False,False,False,True,False,False,Revolution,Lip Nourishing Tint With Cannabis Sativa,12,0,6,1,13,False,False,259db52429a6,completo
https://inkeedecoder.com/products/revolution-beauty-london-i-heart-revolution-metallic-unicorn-lips-whimsical,revolution-beauty-london-i-heart-revolution-metallic-unicorn-lips-whimsical,beauty-london-i-heart-revolution-metallic-unicorn-lips-whimsical,,revolution,economica,explicita,no_determinado,metalico,,True,False,False,False,False,False,False,False,Revolution Beauty London,I Heart Revolution Metallic Unicorn Lips Whimsical,11,9,7,1,11,True,True,f4bf58c4e9c2,completo
https://inkeedecoder.com/products/revolution-juicy-pout-lip-gloss-grapefruit,revolution-juicy-pout-lip-gloss-grapefruit,juicy-pout-lip-gloss-grapefruit,,revolution,economica,explicita,gloss,brillante,,True,False,False,False,False,True,False,False,Revolution,Juicy Pout Lip Gloss - Grapefruit,18,0,7,1,18,False,False,ba042679823f,completo
https://inkeedecoder.com/products/maybelline-new-york-lippenstift-super-stay-vinly-ink,maybelline-new-york-lippenstift-super-stay-vinly-ink,new-york-lippenstift-super-stay-vinly-ink,,maybelline,economica,explicita,liquido,no_declarado,,True,False,True,False,False,False,False,False,Maybelline New York,Lippenstift Super Stay Vinly Ink,28,13,11,1,28,True,True,d9d3e34cc8d9,completo
https://inkeedecoder.com/products/catrice-secret-garden-lip-oil-c02-true-bloom,catrice-secret-garden-lip-oil-c02-true-bloom,secret-garden-lip-oil-c02-true-bloom,,catrice,economica,explicita,aceite,no_declarado,,True,False,False,False,False,False,False,False,Catrice,Secret Garden Lip Oil - C02 True Bloom,23,0,11,1,23,False,False,ce5ef45aac10,completo
https://inkeedecoder.com/products/loreal-color-riche-intense-volume-matte-slim-lipstick,loreal-color-riche-intense-volume-matte-slim-lipstick,color-riche-intense-volume-matte-slim-lipstick,,loreal,economica,linea,barra,mate,,True,True,False,False,False,False,False,False,L'Oreal,Color Riche Intense Volume Matte Slim Lipstick,40,11,11,1,40,True,True,331fe1584722,completo
https://inkeedecoder.com/products/clinique-chubby-stick-tm-moisturizing-lip-colour-balm,clinique-chubby-stick-tm-moisturizing-lip-colour-balm,chubby-stick-tm-moisturizing-lip-colour-balm,,clinique,alta,explicita,balsamo,no_declarado,,True,False,False,False,False,True,False,False,Clinique,Chubby Stick™ Moisturizing Lip Colour Balm,16,13,7,1,16,True,True,1cd4469e536d,completo
https://inkeedecoder.com/products/catrice-plump-it-up-lip-booster-work-it-twerk-it,catrice-plump-it-up-lip-booster-work-it-twerk-it,plump-it-up-lip-booster-work-it-twerk-it,,catrice,economica,explicita,no_determinado,no_declarado,,True,True,False,False,False,False,False,False,Catrice,"Plump It Up Lip Booster Work It, Twerk It",29,0,10,1,29,False,False,f65b6c6db4df,completo
https://inkeedecoder.com/products/catrice-full-satin-lipstick,catrice-full-satin-lipstick,full-satin-lipstick,,catrice,economica,explicita,barra,satinado,,True,False,False,False,False,False,False,False,Catrice,Full Satin Lipstick,22,0,10,1,22,False,False,732cfd8fa59e,completo
https://inkeedecoder.com/products/wet-n-wild-spongebob-squarepants-bikini-bottom-cooling-lip-oil,wet-n-wild-spongebob-squarepants-bikini-bottom-cooling-lip-oil,spongebob-squarepants-bikini-bottom-cooling-lip-oil,,wet-n-wild,economica,explicita,aceite,no_declarado,,True,False,False,False,False,False,False,False,Wet n Wild,Spongebob Squarepants Bikini Bottom Cooling Lip Oil,29,0,8,1,29,False,False,1831e8045b25,completo
https://inkeedecoder.com/products/nyx-thisiseverything-lip-oil,nyx-thisiseverything-lip-oil,thisiseverything-lip-oil,,nyx,economica,explicita,aceite,no_declarado,,True,False,False,False,False,False,False,False,NYX,#Thisiseverything Lip Oil,19,0,7,1,19,False,False,08b8a73493f9,completo
https://inkeedecoder.com/products/laneige-gummy-bear-lip-balm,laneige-gummy-bear-lip-balm,gummy-bear-lip-balm,,laneige,alta,explicita,balsamo,no_declarado,,True,False,False,False,False,False,False,False,LANEIGE,Gummy Bear Lip Balm,47,0,14,1,47,False,False,26b496d1fb5b,completo
https://inkeedecoder.com/products/kiko-milano-street-heart-pump-up-the-volume-solid-lip-gloss-stick,kiko-milano-street-heart-pump-up-the-volume-solid-lip-gloss-stick,milano-street-heart-pump-up-the-volume-solid-lip-gloss-stick,,kiko,economica,explicita,gloss,brillante,,True,True,False,False,False,False,False,False,KIKO Milano,Street Heart Pump Up The Volume! Solid Lip Gloss Stick,23,0,8,1,23,False,False,803797439355,completo
https://inkeedecoder.com/products/milani-color-fetish-matte-lipstick,milani-color-fetish-matte-lipstick,color-fetish-matte-lipstick,,milani,economica,explicita,barra,mate,,True,False,False,False,False,False,False,False,Milani,Color Fetish Matte Lipstick,25,0,11,1,25,False,False,fe6e5ae60797,completo
https://inkeedecoder.com/products/essence-algae-lip-oil,essence-algae-lip-oil,algae-lip-oil,,essence,economica,explicita,aceite,no_declarado,,True,False,False,False,False,False,False,False,Essence,Algae Lip Oil,16,3,10,1,16,True,True,f6169ee11718,completo
https://inkeedecoder.com/products/fenty-beauty-velvet-mvp-lipstick,fenty-beauty-velvet-mvp-lipstick,velvet-mvp-lipstick,,fenty-beauty,alta,explicita,barra,mate,,True,False,False,False,False,False,False,False,Fenty Beauty,Velvet Mvp Lipstick,10,0,5,1,10,False,False,f83f6316edfe,completo
https://inkeedecoder.com/products/essence-glowcerin-glycerin-lip-treatment,essence-glowcerin-glycerin-lip-treatment,glowcerin-glycerin-lip-treatment,,essence,economica,explicita,balsamo,no_declarado,,True,False,False,False,False,False,False,False,Essence,Glowcerin Glycerin Lip Treatment,24,0,11,1,24,False,False,d227b31374a1,completo
https://inkeedecoder.com/products/revolution-i-heart-revolution-shimmer-spritz-lip-gloss-cherry-cola,revolution-i-heart-revolution-shimmer-spritz-lip-gloss-cherry-cola,i-heart-revolution-shimmer-spritz-lip-gloss-cherry-cola,,revolution,economica,explicita,gloss,perlado,,True,False,False,False,False,False,False,False,Revolution,I Heart Revolution Shimmer Spritz Lip Gloss Cherry Cola,26,0,10,1,26,False,False,b250c27e1fbc,completo
https://inkeedecoder.com/products/essence-cranberry-lip-oil,essence-cranberry-lip-oil,cranberry-lip-oil,,essence,economica,explicita,aceite,no_declarado,,True,False,False,False,False,False,False,False,Essence,Cranberry Lip Oil,12,0,8,1,12,False,False,32fa8fba9472,completo
https://inkeedecoder.com/products/catrice-cosmetics-tinted-lip-glow-balm,catrice-cosmetics-tinted-lip-glow-balm,cosmetics-tinted-lip-glow-balm,,catrice,economica,explicita,balsamo,brillante,,True,False,False,False,False,False,False,False,Catrice Cosmetics,Tinted Lip Glow Balm,17,0,9,1,17,False,False,00f1372e3153,completo
https://inkeedecoder.com/products/e-l-f-lip-stain,e-l-f-lip-stain,lip-stain,,elf,economica,explicita,tinte,no_declarado,,True,False,False,False,False,False,False,False,e.l.f.,Lip Stain,22,8,13,1,22,True,True,735ccd56a1ad,completo
https://inkeedecoder.com/products/essence-glossy-glaze-lipstick,essence-glossy-glaze-lipstick,glossy-glaze-lipstick,,essence,economica,explicita,barra,brillante,,True,False,False,False,False,False,False,False,Essence,Glossy Glaze Lipstick,21,0,7,1,21,False,False,4195c9f3555a,completo
https://inkeedecoder.com/products/revolution-skincare-plex-bond-barrier-protecting-lip-cream,revolution-skincare-plex-bond-barrier-protecting-lip-cream,skincare-plex-bond-barrier-protecting-lip-cream,,revolution,economica,explicita,liquido,cremoso,,True,False,False,False,False,False,False,False,Revolution Skincare,Plex Bond Barrier Protecting Lip Cream,30,0,15,1,32,False,False,f69674adf818,completo
https://inkeedecoder.com/products/too-faced-kissing-jelly-hydrating-lip-oil-gloss,too-faced-kissing-jelly-hydrating-lip-oil-gloss,kissing-jelly-hydrating-lip-oil-gloss,,too-faced,alta,explicita,aceite,jelly,,True,False,False,False,False,True,False,False,Too Faced,Kissing Jelly Hydrating Lip Oil Gloss,21,0,7,1,21,False,False,ae9043b02d0f,completo
https://inkeedecoder.com/products/mac-lip-conditioner,mac-lip-conditioner,lip-conditioner,,mac,alta,explicita,balsamo,no_declarado,,True,False,False,False,False,False,False,False,MAC,Lip Conditioner,20,0,10,1,22,False,False,3e6b0cb651aa,completo
https://inkeedecoder.com/products/nyx-fat-oil-lip-drip,nyx-fat-oil-lip-drip,fat-oil-lip-drip,,nyx,economica,explicita,aceite,no_declarado,,True,False,False,False,False,False,False,False,NYX,Fat Oil Lip Drip,20,0,9,1,20,False,False,1946e4273c22,completo
https://inkeedecoder.com/products/revlon-super-lustrous-tm-lipstick,revlon-super-lustrous-tm-lipstick,super-lustrous-tm-lipstick,,revlon,economica,explicita,barra,no_declarado,,True,False,False,False,False,False,False,False,Revlon,Super Lustrous™ Lipstick,23,8,10,1,23,True,True,032e78a846e8,completo
https://inkeedecoder.com/products/catrice-diamond-glaze-lip-gloss-040-diamonds-made-me-do-it,catrice-diamond-glaze-lip-gloss-040-diamonds-made-me-do-it,diamond-glaze-lip-gloss,040-diamonds-made-me-do-it,catrice,economica,explicita,gloss,glitter,,True,False,False,False,False,False,False,False,Catrice,Diamond Glaze Lip Gloss 040 Diamonds Made Me Do It,22,0,10,1,22,False,False,4accb30e6e3e,completo
https://inkeedecoder.com/products/loreal-glow-paradise-balm-in-lipstick,loreal-glow-paradise-balm-in-lipstick,glow-paradise-balm-in-lipstick,,loreal,economica,explicita,barra,brillante,,True,False,False,False,False,False,False,False,L'Oreal,Glow Paradise Balm-in-lipstick,27,16,11,1,27,True,True,2800cdeb0ae8,completo
https://inkeedecoder.com/products/essence-line-n-stain-tattoo-lip-liner-01-everyones-nude-pink,essence-line-n-stain-tattoo-lip-liner-01-everyones-nude-pink,line-n-stain-tattoo-lip-liner,01-everyones-nude-pink,essence,economica,explicita,delineador,no_declarado,,True,False,False,False,False,False,False,False,Essence,Line N' Stain! Tattoo Lip Liner 01 Everyone's Nude-Pink,23,0,13,1,23,False,False,8e59906f08c1,completo
https://inkeedecoder.com/products/wet-n-wild-megaslicks-lip-gloss,wet-n-wild-megaslicks-lip-gloss,megaslicks-lip-gloss,,wet-n-wild,economica,explicita,gloss,brillante,,True,False,False,False,False,False,False,False,Wet n Wild,Megaslicks Lip Gloss,20,0,9,1,20,False,False,6916e4e54137,completo
https://inkeedecoder.com/products/essence-fruit-kiss-caring-lip-balm-in-01-raspberry-dream,essence-fruit-kiss-caring-lip-balm-in-01-raspberry-dream,fruit-kiss-caring-lip-balm-in,01-raspberry-dream,essence,economica,explicita,balsamo,no_declarado,,True,False,False,False,False,False,False,False,Essence,Fruit Kiss Caring Lip Balm In 01 Raspberry Dream,23,0,10,1,23,False,False,8d82ed2d4e7f,completo
https://inkeedecoder.com/products/elf-pout-clout,elf-pout-clout,pout-clout,,elf,economica,explicita,no_determinado,no_declarado,,True,False,False,False,False,False,False,False,elf,Pout Clout,23,0,11,1,23,False,False,0c8fc9af6393,completo
https://inkeedecoder.com/products/revolution-pout-bomb-shimmer-gloss,revolution-pout-bomb-shimmer-gloss,pout-bomb-shimmer-gloss,,revolution,economica,explicita,gloss,perlado,,True,False,False,False,False,False,False,False,Revolution,Pout Bomb Shimmer Gloss,25,0,9,1,26,False,False,484d0834152c,completo
https://inkeedecoder.com/products/mac-m-a-cximal-sleek-satin-lipstick-creme-in-your-coffee,mac-m-a-cximal-sleek-satin-lipstick-creme-in-your-coffee,m-a-cximal-sleek-satin-lipstick-creme-in-your-coffee,,mac,alta,explicita,barra,satinado,,True,False,False,False,False,False,False,False,MAC,M·a·cximal Sleek Satin Lipstick Creme In Your Coffee,23,28,9,1,23,True,True,d392dbeac0b5,completo
https://inkeedecoder.com/products/mac-m-a-cximal-sleek-satin-lipstick,mac-m-a-cximal-sleek-satin-lipstick,m-a-cximal-sleek-satin-lipstick,,mac,alta,explicita,barra,satinado,,True,False,False,False,False,False,False,False,MAC,M·a·cximal Sleek Satin Lipstick,23,13,9,1,23,True,True,d392dbeac0b5,completo
https://inkeedecoder.com/products/essence-kiss-on-cheeks-ph-reacting-lip-cheek-stick,essence-kiss-on-cheeks-ph-reacting-lip-cheek-stick,kiss-on-cheeks-ph-reacting-lip-cheek-stick,,essence,economica,explicita,barra,no_declarado,cheek|cheeks,True,False,False,False,False,False,False,False,Essence,Kiss On Cheeks pH-Reacting Lip & Cheek Stick,18,0,9,1,18,False,False,c3cc2dd045bc,completo
https://inkeedecoder.com/products/elf-jelly-pop-glow-reviver-lip-oil,elf-jelly-pop-glow-reviver-lip-oil,jelly-pop-glow-reviver-lip-oil,,elf,economica,explicita,aceite,jelly,,True,False,False,False,False,False,False,False,elf,Jelly Pop Glow Reviver Lip Oil,29,0,12,1,29,False,False,b37ae2c86f3c,completo
https://inkeedecoder.com/products/chanel-rouge-coco-baume-shine,chanel-rouge-coco-baume-shine,rouge-coco-baume-shine,,chanel,alta,contextual,barra,brillante,,True,False,False,False,False,False,False,False,Chanel,Rouge Coco Baume Shine,46,0,15,1,46,False,False,51fc3adc1c33,completo
https://inkeedecoder.com/products/catrice-clean-id-lip-oil,catrice-clean-id-lip-oil,clean-id-lip-oil,,catrice,economica,explicita,aceite,no_declarado,,True,False,False,False,False,False,False,False,Catrice,Clean ID Lip Oil,7,0,4,1,7,False,False,59d5aa401712,completo
https://inkeedecoder.com/products/nyx-professional-makeup-fat-oil-lip-drip-chillz,nyx-professional-makeup-fat-oil-lip-drip-chillz,professional-makeup-fat-oil-lip-drip-chillz,,nyx,economica,explicita,aceite,no_declarado,,True,False,False,False,False,False,False,False,NYX Professional Makeup,Fat Oil Lip Drip Chillz,23,0,10,1,23,False,False,e2a87d7811d4,completo
https://inkeedecoder.com/products/e-l-f-sheer-slick-lipstick,e-l-f-sheer-slick-lipstick,sheer-slick-lipstick,,elf,economica,explicita,barra,no_declarado,,True,False,False,False,False,False,False,False,e.l.f.,Sheer Slick Lipstick,17,4,8,1,17,True,True,6b28c1669f6b,completo
https://inkeedecoder.com/products/revolution-pro-new-neutral-lip-liner,revolution-pro-new-neutral-lip-liner,pro-new-neutral-lip-liner,,revolution,economica,explicita,delineador,no_declarado,,True,False,False,False,False,False,False,False,Revolution Pro,New Neutral Lip Liner,16,9,8,1,16,True,True,32dec7e898a9,completo
https://inkeedecoder.com/products/chanel-rouge-allure-laque-ultrawear-shine-liquid-lip-colour,chanel-rouge-allure-laque-ultrawear-shine-liquid-lip-colour,rouge-allure-laque-ultrawear-shine-liquid-lip-colour,,chanel,alta,explicita,liquido,brillante,,True,False,False,False,False,False,False,False,Chanel,Rouge Allure Laque Ultrawear Shine Liquid Lip Colour,33,0,8,1,33,False,False,2027267fecfe,completo
https://inkeedecoder.com/products/e-l-f-liquid-matte-lipstick,e-l-f-liquid-matte-lipstick,liquid-matte-lipstick,,elf,economica,explicita,liquido,mate,,True,False,False,False,False,False,False,False,e.l.f.,Liquid Matte Lipstick,8,6,8,1,8,True,True,8ab24ef1ffd7,completo
https://inkeedecoder.com/products/charlotte-tilbury-collagen-lip-bath-gloss,charlotte-tilbury-collagen-lip-bath-gloss,collagen-lip-bath-gloss,,charlotte-tilbury,alta,explicita,gloss,brillante,bath,True,False,False,False,False,False,False,False,Charlotte Tilbury,Collagen Lip Bath Gloss,33,2,15,1,33,True,True,db43bfbf11f6,completo
https://inkeedecoder.com/products/milani-color-fetish-balm-lipstick,milani-color-fetish-balm-lipstick,color-fetish-balm-lipstick,,milani,economica,explicita,barra,no_declarado,,True,False,False,False,False,False,False,False,Milani,Color Fetish Balm Lipstick,21,0,9,1,21,False,False,576559dd70a7,completo
https://inkeedecoder.com/products/catrice-care-in-colours-lip-balm-wild-rebel,catrice-care-in-colours-lip-balm-wild-rebel,care-in-colours-lip-balm-wild-rebel,,catrice,economica,explicita,balsamo,no_declarado,,True,False,False,False,False,False,False,False,Catrice,Care In Colours Lip Balm Wild Rebel,13,0,6,1,13,False,False,0c6a314ed27c,completo
https://inkeedecoder.com/products/loreal-paris-infallible-8hr-pro-gloss,loreal-paris-infallible-8hr-pro-gloss,paris-infallible-8hr-pro-gloss,,loreal,economica,contextual,gloss,brillante,,True,False,True,False,False,False,False,False,L'Oreal Paris,Infallible 8Hr Pro-Gloss,25,13,11,1,25,True,True,06064d2af37b,completo
https://inkeedecoder.com/products/essence-meta-glow-colour-changing-lipstick,essence-meta-glow-colour-changing-lipstick,meta-glow-colour-changing-lipstick,,essence,economica,explicita,barra,brillante,,True,False,False,False,False,False,False,False,Essence,Meta Glow Colour Changing Lipstick,23,0,11,1,23,False,False,62cb7cd714b0,completo
https://inkeedecoder.com/products/catrice-melt-shine-juicy-lip-balm-040-everyday-is-sun-day,catrice-melt-shine-juicy-lip-balm-040-everyday-is-sun-day,melt-shine-juicy-lip-balm,040-everyday-is-sun-day,catrice,economica,explicita,balsamo,brillante,,True,False,False,False,False,True,False,False,Catrice,Melt & Shine Juicy Lip Balm 040 Everyday Is Sun-Day,25,0,9,1,25,False,False,a4b3609257ec,completo
https://inkeedecoder.com/products/e-l-f-jelly-pop-glow-reviver-lip-oil,e-l-f-jelly-pop-glow-reviver-lip-oil,jelly-pop-glow-reviver-lip-oil,,elf,economica,explicita,aceite,jelly,,True,False,False,False,False,False,False,False,e.l.f.,Jelly Pop Glow Reviver Lip Oil,28,6,12,1,28,True,True,e272f4b093b2,completo
https://inkeedecoder.com/products/essence-vintage-beach-coconut-lip-conditioner,essence-vintage-beach-coconut-lip-conditioner,vintage-beach-coconut-lip-conditioner,,essence,economica,explicita,balsamo,no_declarado,,True,False,False,False,False,False,False,False,Essence,Vintage Beach Coconut Lip Conditioner,28,0,13,1,28,False,False,f7a4264d53ba,completo
https://inkeedecoder.com/products/catrice-soft-glaze-glow-lip-balm,catrice-soft-glaze-glow-lip-balm,soft-glaze-glow-lip-balm,,catrice,economica,explicita,balsamo,brillante,,True,False,False,False,False,False,False,False,Catrice,Soft Glaze Glow Lip Balm,15,0,10,1,15,False,False,ff4fbae2e69a,completo
https://inkeedecoder.com/products/too-faced-lip-injection-extreme-plumping-clicks,too-faced-lip-injection-extreme-plumping-clicks,lip-injection-extreme-plumping-clicks,,too-faced,alta,explicita,no_determinado,no_declarado,,True,True,False,False,False,False,False,False,Too Faced,Lip Injection Extreme Plumping Clicks,28,24,11,1,28,True,True,6606db686551,completo
https://inkeedecoder.com/products/mac-lip-pencil-2,mac-lip-pencil-2,lip-pencil-2,,mac,alta,explicita,delineador,no_declarado,,True,False,False,False,False,False,False,False,MAC,Lip Pencil,7,22,7,1,7,True,True,3ddc8ffde514,completo
https://inkeedecoder.com/products/revolution-juicy-peptide-lip-balm,revolution-juicy-peptide-lip-balm,juicy-peptide-lip-balm,,revolution,economica,explicita,balsamo,no_declarado,,True,False,False,False,False,True,False,False,Revolution,Juicy Peptide Lip Balm,28,0,16,1,29,False,False,c7590ac9354e,completo
https://inkeedecoder.com/products/essence-electric-glow-colour-changing-lip-cheek-oil,essence-electric-glow-colour-changing-lip-cheek-oil,electric-glow-colour-changing-lip-cheek-oil,,essence,economica,explicita,aceite,brillante,cheek,True,False,False,False,False,False,False,False,Essence,Electric Glow Colour Changing Lip & Cheek Oil,13,0,8,1,13,False,False,a579fde151c5,completo
https://inkeedecoder.com/products/catrice-youth-lip-serum,catrice-youth-lip-serum,youth-lip-serum,,catrice,economica,explicita,balsamo,no_declarado,,True,False,False,False,False,False,False,False,Catrice,Youth Lip Serum,23,0,11,1,23,False,False,71ebfa1f7ae5,completo
https://inkeedecoder.com/products/laneige-lip-glowy-balm-matcha-bubble-tea,laneige-lip-glowy-balm-matcha-bubble-tea,lip-glowy-balm-matcha-bubble-tea,,laneige,alta,explicita,balsamo,no_declarado,,True,False,False,False,False,False,False,False,LANEIGE,Lip Glowy Balm (Matcha Bubble Tea),30,0,9,1,30,False,False,fa5cf3da1c2b,completo
https://inkeedecoder.com/products/essence-juicy-bomb-glossy-butter-balm-06-wake-me-up-before-you-coco,essence-juicy-bomb-glossy-butter-balm-06-wake-me-up-before-you-coco,juicy-bomb-glossy-butter-balm,06-wake-me-up-before-you-coco,essence,economica,linea,balsamo,brillante,,True,False,False,False,False,True,False,False,Essence,Juicy Bomb Glossy Butter Balm 06 Wake Me Up Before You Coco,18,0,9,1,18,False,False,a55307612cf2,completo
https://inkeedecoder.com/products/catrice-clean-id-plumping-care-lip-oil,catrice-clean-id-plumping-care-lip-oil,clean-id-plumping-care-lip-oil,,catrice,economica,explicita,aceite,no_declarado,,True,True,False,False,False,False,False,False,Catrice,Clean ID Plumping Care Lip Oil,12,0,6,1,12,False,False,b38f575570a7,completo
https://inkeedecoder.com/products/essence-heart-core-fruity-lip-balm-04-lucky-lemon,essence-heart-core-fruity-lip-balm-04-lucky-lemon,heart-core-fruity-lip-balm,04-lucky-lemon,essence,economica,explicita,balsamo,no_declarado,,True,False,False,False,False,False,False,False,Essence,Heart Core Fruity Lip Balm - 04 Lucky Lemon,27,0,12,1,27,False,False,d614ccdc8b07,completo
https://inkeedecoder.com/products/clinique-superbalm-gloss-raspberry,clinique-superbalm-gloss-raspberry,superbalm-gloss-raspberry,,clinique,alta,contextual,gloss,brillante,,True,False,False,False,False,False,False,False,Clinique,Superbalm Gloss Raspberry,37,0,14,1,39,False,False,371c197b9759,completo
https://inkeedecoder.com/products/essence-what-the-fake-pepper-me-up-extreme-plumping-lip-filler,essence-what-the-fake-pepper-me-up-extreme-plumping-lip-filler,what-the-fake-pepper-me-up-extreme-plumping-lip-filler,,essence,economica,explicita,no_determinado,no_declarado,,True,True,False,False,False,False,False,False,Essence,What The Fake! Pepper Me Up! Extreme Plumping Lip Filler,25,0,12,1,25,False,False,cda4d705fa04,completo
https://inkeedecoder.com/products/catrice-lip-jam-hydrating-lip-gloss-040-i-like-you-berry-much,catrice-lip-jam-hydrating-lip-gloss-040-i-like-you-berry-much,lip-jam-hydrating-lip-gloss,040-i-like-you-berry-much,catrice,economica,explicita,gloss,brillante,,True,False,False,False,False,True,False,False,Catrice,Lip Jam Hydrating Lip Gloss - 040 I Like You Berry Much,23,0,10,1,23,False,False,9b49bc32427f,completo
https://inkeedecoder.com/products/catrice-volumizing-extreme-lip-booster-010-hot-plumper,catrice-volumizing-extreme-lip-booster-010-hot-plumper,volumizing-extreme-lip-booster,010-hot-plumper,catrice,economica,explicita,no_determinado,no_declarado,,True,True,False,False,False,False,False,False,Catrice,Volumizing Extreme Lip Booster - 010 Hot Plumper,25,0,14,1,25,False,False,f615102b1c17,completo
https://inkeedecoder.com/products/chanel-rouge-coco-baume,chanel-rouge-coco-baume,rouge-coco-baume,,chanel,alta,contextual,barra,no_declarado,,True,False,False,False,False,False,False,False,Chanel,Rouge Coco Baume,19,0,10,1,19,False,False,43131a871fcb,completo
https://inkeedecoder.com/products/revlon-colorstay-limitless-matte-liquid-lipstick,revlon-colorstay-limitless-matte-liquid-lipstick,colorstay-limitless-matte-liquid-lipstick,,revlon,economica,explicita,liquido,mate,,True,False,False,False,False,False,False,False,Revlon,Colorstay Limitless Matte Liquid Lipstick,22,10,11,1,22,True,True,807760ad174c,completo
https://inkeedecoder.com/products/elf-sheer-slick-lipstick,elf-sheer-slick-lipstick,sheer-slick-lipstick,,elf,economica,explicita,barra,no_declarado,,True,False,False,False,False,False,False,False,elf,Sheer Slick Lipstick,15,5,7,1,15,True,True,d234ec35db14,completo
https://inkeedecoder.com/products/catrice-plump-blur-lip-treatment-010,catrice-plump-blur-lip-treatment-010,plump-blur-lip-treatment,010,catrice,economica,explicita,balsamo,blur,,True,True,False,False,False,False,False,False,Catrice,Plump & Blur Lip Treatment,22,0,11,1,22,False,False,9dc80e2a4935,completo
https://inkeedecoder.com/products/essence-so-cherry-happy-peptide-lipgloss,essence-so-cherry-happy-peptide-lipgloss,so-cherry-happy-peptide-lipgloss,,essence,economica,explicita,gloss,no_declarado,,True,False,False,False,False,False,False,False,Essence,So Cherry Happy Peptide Lipgloss,25,0,15,1,25,False,False,b9a9afa1d4f1,completo
https://inkeedecoder.com/products/revolution-skincare-peptide-pout-plumping-lip-balm,revolution-skincare-peptide-pout-plumping-lip-balm,skincare-peptide-pout-plumping-lip-balm,,revolution,economica,explicita,balsamo,no_declarado,,True,True,False,False,False,False,False,False,Revolution Skincare,Peptide Pout Plumping Lip Balm,26,0,9,1,28,False,False,9424f44262de,completo
https://inkeedecoder.com/products/catrice-drunkn-diamonds-plumping-lip-balm-050-bury-me-in-rubies,catrice-drunkn-diamonds-plumping-lip-balm-050-bury-me-in-rubies,drunkn-diamonds-plumping-lip-balm,050-bury-me-in-rubies,catrice,economica,explicita,balsamo,no_declarado,,True,True,False,False,False,False,False,False,Catrice,Drunk'n Diamonds Plumping Lip Balm 050 Bury Me In Rubies,38,0,13,1,38,False,False,93dc88629472,completo
https://inkeedecoder.com/products/essence-what-the-fake-extreme-plumping-lip-filler-icy-effect,essence-what-the-fake-extreme-plumping-lip-filler-icy-effect,what-the-fake-extreme-plumping-lip-filler-icy-effect,,essence,economica,explicita,no_determinado,no_declarado,,True,True,False,False,False,False,False,False,Essence,What The Fake! Extreme Plumping Lip Filler Icy Effect,43,0,10,2,42,False,False,72cf7114da7b,completo
https://inkeedecoder.com/products/revolution-beauty-pout-lip-gloss-stick,revolution-beauty-pout-lip-gloss-stick,beauty-pout-lip-gloss-stick,,revolution,economica,explicita,gloss,brillante,,True,False,False,False,False,False,False,False,Revolution Beauty,Pout Lip Gloss Stick,25,11,11,1,26,True,True,af358897b773,completo
https://inkeedecoder.com/products/essence-juicy-bomb-glossy-butter-balm-03-time-to-pitaya,essence-juicy-bomb-glossy-butter-balm-03-time-to-pitaya,juicy-bomb-glossy-butter-balm,03-time-to-pitaya,essence,economica,linea,balsamo,brillante,,True,False,False,False,False,True,False,False,Essence,Juicy Bomb Glossy Butter Balm 03 Time To Pitaya,25,0,9,1,25,False,False,21956daf52e9,completo
https://inkeedecoder.com/products/fenty-beauty-match-stix-color-adaptive-cheek-lip-stick,fenty-beauty-match-stix-color-adaptive-cheek-lip-stick,match-stix-color-adaptive-cheek-lip-stick,,fenty-beauty,alta,explicita,barra,no_declarado,cheek,True,False,False,False,False,False,False,False,Fenty Beauty,Match Stix Color-adaptive Cheek + Lip Stick,9,0,6,1,9,False,False,7caf794e8d90,completo
https://inkeedecoder.com/products/catrice-creamy-nudes-lip-pen,catrice-creamy-nudes-lip-pen,creamy-nudes-lip-pen,,catrice,economica,explicita,delineador,cremoso,,True,False,False,False,False,False,False,False,Catrice,Creamy Nudes Lip Pen,16,0,7,1,16,False,False,a3c21064d0c6,completo
https://inkeedecoder.com/products/e-l-f-lip-lacquer,e-l-f-lip-lacquer,lip-lacquer,,elf,economica,explicita,gloss,no_declarado,,True,False,False,False,False,False,False,False,e.l.f.,Lip Lacquer,19,0,9,1,19,False,False,210ee6c04709,completo
https://inkeedecoder.com/products/essence-the-super-peptide-glossy-lip-treatment-03-toffeetastic,essence-the-super-peptide-glossy-lip-treatment-03-toffeetastic,the-super-peptide-glossy-lip-treatment,03-toffeetastic,essence,economica,explicita,balsamo,brillante,,True,False,False,False,False,False,False,False,Essence,The Super Peptide Glossy Lip Treatment 03 Toffeetastic,28,0,9,1,28,False,False,35564da33226,completo
https://inkeedecoder.com/products/maybelline-super-stay-24-r-color-2-step-liquid-lipstick,maybelline-super-stay-24-r-color-2-step-liquid-lipstick,super-stay,24-r-color-2-step-liquid-lipstick,maybelline,economica,explicita,no_determinado,no_declarado,,True,False,True,False,False,False,False,False,Maybelline,Super Stay 24® Color 2-Step Liquid Lipstick,38,12,12,2,37,True,True,2a6c5534c9ff,completo
https://inkeedecoder.com/products/revolution-so-balm-lip-balm-mango,revolution-so-balm-lip-balm-mango,so-balm-lip-balm-mango,,revolution,economica,explicita,balsamo,no_declarado,,True,False,False,False,False,False,False,False,Revolution,So Balm Lip Balm Mango,18,0,8,1,18,False,False,e39a6b0ec4e0,completo
https://inkeedecoder.com/products/kiko-milano-creamy-colour-comfort-lip-liner,kiko-milano-creamy-colour-comfort-lip-liner,milano-creamy-colour-comfort-lip-liner,,kiko,economica,explicita,delineador,cremoso,,True,False,False,False,False,False,False,False,KIKO Milano,Creamy Colour Comfort Lip Liner,12,10,8,1,12,True,True,ed770b95426c,completo
https://inkeedecoder.com/products/essence-this-is-nude-lipstick,essence-this-is-nude-lipstick,this-is-nude-lipstick,,essence,economica,explicita,barra,no_declarado,,True,False,False,False,False,False,False,False,Essence,This Is Nude Lipstick,23,0,9,1,23,False,False,c0f779af35a3,completo
https://inkeedecoder.com/products/benefit-posietint-cheek-lip-stain,benefit-posietint-cheek-lip-stain,posietint-cheek-lip-stain,,benefit,alta,explicita,tinte,no_declarado,cheek,True,False,False,False,False,False,False,False,Benefit,Posietint Cheek & Lip Stain,11,14,10,1,11,True,True,62349cb66dc9,completo
https://inkeedecoder.com/products/wet-n-wild-megalast-high-shine-lip-color,wet-n-wild-megalast-high-shine-lip-color,megalast-high-shine-lip-color,,wet-n-wild,economica,explicita,barra,brillante,,True,False,False,False,False,False,False,False,Wet n Wild,Megalast High Shine Lip Color,43,11,11,1,44,True,True,310af0f8c98a,completo
https://inkeedecoder.com/products/clinique-chubby-stick-moisturizing-lip-colour-balm-whole-lotta-honey,clinique-chubby-stick-moisturizing-lip-colour-balm-whole-lotta-honey,chubby-stick-moisturizing-lip-colour-balm-whole-lotta-honey,,clinique,alta,explicita,balsamo,no_declarado,,True,False,False,False,False,True,False,False,Clinique,Chubby Stick Moisturizing Lip Colour Balm Whole Lotta Honey,17,23,7,1,17,True,True,48ecd12a7662,completo
https://inkeedecoder.com/products/revolution-pro-new-neutral-satin-matte-lipstick,revolution-pro-new-neutral-satin-matte-lipstick,pro-new-neutral-satin-matte-lipstick,,revolution,economica,explicita,barra,mate,,True,False,False,False,False,False,False,False,Revolution Pro,New Neutral Satin Matte Lipstick,10,0,5,1,10,False,False,82956a97a95a,completo
https://inkeedecoder.com/products/milani-fruit-fetish-lip-oil-raspberry-peach-130,milani-fruit-fetish-lip-oil-raspberry-peach-130,fruit-fetish-lip-oil-raspberry-peach,130,milani,economica,explicita,aceite,no_declarado,,True,False,False,False,False,False,False,False,Milani,Fruit Fetish Lip Oil Raspberry Peach (130),54,0,12,1,54,False,False,51a92c94e6e8,completo
https://inkeedecoder.com/products/catrice-clean-id-hydra-lip-plumper-030-pink-lily,catrice-clean-id-hydra-lip-plumper-030-pink-lily,clean-id-hydra-lip-plumper,030-pink-lily,catrice,economica,explicita,no_determinado,no_declarado,,True,True,False,False,False,True,False,False,Catrice,Clean ID Hydra Lip Plumper - 030 Pink Lily,15,0,8,1,15,False,False,d41793e4c927,completo
https://inkeedecoder.com/products/chanel-rouge-allure-velvet-luminous-matte-lip-colour,chanel-rouge-allure-velvet-luminous-matte-lip-colour,rouge-allure-velvet-luminous-matte-lip-colour,,chanel,alta,explicita,barra,mate,,True,False,False,False,False,False,False,False,Chanel,Rouge Allure Velvet Luminous Matte Lip Colour,39,0,14,1,39,False,False,f45c6abbbb63,completo
https://inkeedecoder.com/products/clinique-full-potential-lips,clinique-full-potential-lips,full-potential-lips,,clinique,alta,explicita,no_determinado,no_declarado,,True,False,False,False,False,False,False,False,Clinique,Full Potential Lips,22,14,12,1,22,True,True,af414638c688,completo
https://inkeedecoder.com/products/wet-n-wild-cloud-pout-marshmallow-lip-mousse,wet-n-wild-cloud-pout-marshmallow-lip-mousse,cloud-pout-marshmallow-lip-mousse,,wet-n-wild,economica,explicita,liquido,no_declarado,,True,False,False,False,False,False,False,False,Wet n Wild,Cloud Pout Marshmallow Lip Mousse,36,9,12,1,37,True,True,4683f6c06d0a,completo
https://inkeedecoder.com/products/revolution-poolside-aqua-drip-cooling-lip-oil,revolution-poolside-aqua-drip-cooling-lip-oil,poolside-aqua-drip-cooling-lip-oil,,revolution,economica,explicita,aceite,no_declarado,,True,False,False,False,False,False,False,False,Revolution,Poolside Aqua Drip Cooling Lip Oil,27,0,10,1,28,False,False,a55a6c11944e,completo
https://inkeedecoder.com/products/benefit-cosmetics-gogo-tint,benefit-cosmetics-gogo-tint,cosmetics-gogo-tint,,benefit,alta,linea,tinte,no_declarado,,True,False,False,False,False,False,False,False,Benefit Cosmetics,Gogo Tint,14,14,12,1,14,True,True,08e8caac81e7,completo
https://inkeedecoder.com/products/revolution-pout-bomb-plumping-gloss-2,revolution-pout-bomb-plumping-gloss-2,pout-bomb-plumping-gloss-2,,revolution,economica,explicita,gloss,brillante,,True,True,False,False,False,False,False,False,Revolution,Pout Bomb Plumping Gloss,21,6,12,1,21,True,True,440450602fe2,completo
https://inkeedecoder.com/products/essence-pink-is-the-new-black-colour-changing-lip-tint,essence-pink-is-the-new-black-colour-changing-lip-tint,pink-is-the-new-black-colour-changing-lip-tint,,essence,economica,explicita,tinte,no_declarado,,True,False,False,False,False,False,False,False,Essence,Pink Is The New Black Colour-Changing Lip Tint,26,0,12,1,26,False,False,a545f12b8685,completo
https://inkeedecoder.com/products/e-l-f-sun-boss-gloss-spf-25,e-l-f-sun-boss-gloss-spf-25,sun-boss-gloss-spf,25,elf,economica,contextual,gloss,brillante,,True,False,False,False,False,False,False,True,e.l.f.,Sun Boss Gloss SPF 25,26,6,13,2,25,True,True,e2786bdf6eca,completo
https://inkeedecoder.com/products/revolution-rehab-lip-plump-maximiser-conditioning-gloss,revolution-rehab-lip-plump-maximiser-conditioning-gloss,rehab-lip-plump-maximiser-conditioning-gloss,,revolution,economica,explicita,gloss,brillante,,True,True,False,False,False,False,False,False,Revolution,Rehab Lip Plump Maximiser Conditioning Gloss,25,0,11,1,25,False,False,1d876b01d05c,completo
https://inkeedecoder.com/products/catrice-volumizing-extreme-lip-booster-040-trick-or-treat,catrice-volumizing-extreme-lip-booster-040-trick-or-treat,volumizing-extreme-lip-booster,040-trick-or-treat,catrice,economica,explicita,no_determinado,no_declarado,,True,True,False,False,False,False,False,False,Catrice,Volumizing Extreme Lip Booster - 040 Trick Or Treat,26,0,13,1,26,False,False,836797e07a74,completo
https://inkeedecoder.com/products/milani-keep-it-full-nourishing-lip-plumper,milani-keep-it-full-nourishing-lip-plumper,keep-it-full-nourishing-lip-plumper,,milani,economica,explicita,no_determinado,no_declarado,,True,True,False,False,False,True,False,False,Milani,Keep It Full Nourishing Lip Plumper,33,0,15,1,35,False,False,fad5d7dad290,completo
https://inkeedecoder.com/products/catrice-watermelon-shine-glow-lip-balm,catrice-watermelon-shine-glow-lip-balm,watermelon-shine-glow-lip-balm,,catrice,economica,explicita,balsamo,brillante,,True,False,False,False,False,False,False,False,Catrice,Watermelon Shine Glow Lip Balm,17,0,9,1,17,False,False,da12d57afeb0,completo
https://inkeedecoder.com/products/revlon-super-lustrous-lipgloss,revlon-super-lustrous-lipgloss,super-lustrous-lipgloss,,revlon,economica,explicita,gloss,no_declarado,,True,False,False,False,False,False,False,False,Revlon,Super Lustrous Lipgloss,22,11,10,1,22,True,True,d1fb8149d921,completo
https://inkeedecoder.com/products/catrice-lip-jam-hydrating-lip-gloss-honey-im-home,catrice-lip-jam-hydrating-lip-gloss-honey-im-home,lip-jam-hydrating-lip-gloss-honey-im-home,,catrice,economica,explicita,gloss,brillante,,True,False,False,False,False,True,False,False,Catrice,"Lip Jam Hydrating Lip Gloss Honey, I’m Home",23,0,9,1,23,False,False,da5913530764,completo
https://inkeedecoder.com/products/charlotte-tilbury-easy-lip-cheek-wand,charlotte-tilbury-easy-lip-cheek-wand,easy-lip-cheek-wand,,charlotte-tilbury,alta,explicita,no_determinado,no_declarado,cheek,True,False,False,False,False,False,False,False,Charlotte Tilbury,Easy Lip & Cheek Wand,23,6,6,1,23,True,True,f22ead5cfe75,completo
https://inkeedecoder.com/products/nyx-cosmetics-lip-lingerie-lip-liner-stain,nyx-cosmetics-lip-lingerie-lip-liner-stain,cosmetics-lip-lingerie-lip-liner-stain,,nyx,economica,explicita,delineador,no_declarado,,True,False,False,False,False,False,False,False,NYX Cosmetics,Lip Lingerie Lip Liner Stain,13,0,9,1,13,False,False,5a55a15ff89f,completo
https://inkeedecoder.com/products/catrice-plumping-lip-liner-2,catrice-plumping-lip-liner-2,plumping-lip-liner-2,,catrice,economica,explicita,delineador,no_declarado,,True,True,False,False,False,False,False,False,Catrice,Plumping Lip Liner,25,0,13,1,25,False,False,8083e82b97c2,completo
https://inkeedecoder.com/products/clinique-moisture-surge-tm-lip-hydro-plump-treatment-can,clinique-moisture-surge-tm-lip-hydro-plump-treatment-can,moisture-surge-tm-lip-hydro-plump-treatment-can,,clinique,alta,explicita,balsamo,no_declarado,,True,True,False,False,False,False,False,False,Clinique,Moisture Surge™ Lip Hydro-Plump Treatment [CAN],23,0,8,1,23,False,False,cd6b43021771,completo
https://inkeedecoder.com/products/essence-holo-bomb-shiny-lipgloss,essence-holo-bomb-shiny-lipgloss,holo-bomb-shiny-lipgloss,,essence,economica,explicita,gloss,brillante,,True,False,False,False,False,False,False,False,Essence,Holo Bomb Shiny Lipgloss,22,0,12,1,22,False,False,987b51bde628,completo
https://inkeedecoder.com/products/catrice-marble-licious-liquid-lip-balm-010,catrice-marble-licious-liquid-lip-balm-010,marble-licious-liquid-lip-balm,010,catrice,economica,explicita,balsamo,no_declarado,,True,False,False,False,False,False,False,False,Catrice,Marble-Licious Liquid Lip Balm 010,17,0,7,1,17,False,False,181886a9dd3b,completo
https://inkeedecoder.com/products/charlotte-tilbury-matte-revolution-pillow-talk-original,charlotte-tilbury-matte-revolution-pillow-talk-original,matte-revolution-pillow-talk-original,,charlotte-tilbury,alta,linea,barra,mate,,True,False,False,False,False,False,False,False,Charlotte Tilbury,Matte Revolution Pillow Talk Original,21,10,9,1,21,True,True,e058577b20b7,completo
https://inkeedecoder.com/products/too-faced-lip-injection-maximum-plump-extra-strength-lip-plumper,too-faced-lip-injection-maximum-plump-extra-strength-lip-plumper,lip-injection-maximum-plump-extra-strength-lip-plumper,,too-faced,alta,explicita,no_determinado,no_declarado,,True,True,False,False,False,False,False,False,Too Faced,Lip Injection Maximum Plump Extra Strength Lip Plumper,30,0,14,1,30,False,False,53075156c09b,completo
https://inkeedecoder.com/products/catrice-max-it-up-lip-booster-extreme-spicy-plumper,catrice-max-it-up-lip-booster-extreme-spicy-plumper,max-it-up-lip-booster-extreme-spicy-plumper,,catrice,economica,explicita,no_determinado,no_declarado,,True,True,False,False,False,False,False,False,Catrice,Max It Up Lip Booster Extreme Spicy Plumper,15,0,9,1,15,False,False,16440b6e2f01,completo
https://inkeedecoder.com/products/revolution-skincare-planet-revolution-coconut-lip-butter,revolution-skincare-planet-revolution-coconut-lip-butter,skincare-planet-revolution-coconut-lip-butter,,revolution,economica,explicita,balsamo,cremoso,,True,False,False,False,False,False,False,False,Revolution Skincare,Planet Revolution Coconut Lip Butter,20,0,11,1,20,False,False,39ec3652f869,completo
https://inkeedecoder.com/products/essence-juicy-bomb-glossy-butter-balm-02-so-berry-cute,essence-juicy-bomb-glossy-butter-balm-02-so-berry-cute,juicy-bomb-glossy-butter-balm,02-so-berry-cute,essence,economica,linea,balsamo,brillante,,True,False,False,False,False,True,False,False,Essence,Juicy Bomb Glossy Butter Balm 02 So Berry Cute,22,0,9,1,22,False,False,8d0ad6089a68,completo
https://inkeedecoder.com/products/essence-hydra-matte-lipstick,essence-hydra-matte-lipstick,hydra-matte-lipstick,,essence,economica,explicita,barra,mate,,True,False,False,False,False,True,False,False,Essence,Hydra Matte Lipstick,22,7,10,1,22,True,True,a828741e0477,completo
https://inkeedecoder.com/products/catrice-clean-id-silk-intense-lipstick,catrice-clean-id-silk-intense-lipstick,clean-id-silk-intense-lipstick,,catrice,economica,explicita,barra,satinado,,True,False,False,False,False,False,False,False,Catrice,Clean ID Silk Intense Lipstick,19,0,9,1,19,False,False,5564846126e7,completo
https://inkeedecoder.com/products/revlon-jelly-tint-lipcolor,revlon-jelly-tint-lipcolor,jelly-tint-lipcolor,,revlon,economica,explicita,tinte,jelly,,True,False,False,False,False,False,False,False,Revlon,Jelly Tint Lipcolor,23,7,11,1,23,True,True,a4004473efe6,completo
https://inkeedecoder.com/products/loreal-professionnel-lipstick-color-riche-107-seine-sunset,loreal-professionnel-lipstick-color-riche-107-seine-sunset,professionnel-lipstick-color-riche,107-seine-sunset,loreal,economica,linea,barra,no_declarado,,True,False,False,False,False,False,False,False,L'Oreal Professionnel,Lipstick Color Riche 107 Seine Sunset,41,11,11,1,41,True,True,708b3f902586,completo
https://inkeedecoder.com/products/maybelline-super-stay-r-ink-crayon-lipstick,maybelline-super-stay-r-ink-crayon-lipstick,super-stay-r-ink-crayon-lipstick,,maybelline,economica,explicita,barra,no_declarado,,True,False,True,False,False,False,False,False,Maybelline,Super Stay® Ink Crayon Lipstick,33,15,11,1,33,True,True,d509843e9b9b,completo
https://inkeedecoder.com/products/catrice-flower-herb-edition-power-plumping-gel-lipstick,catrice-flower-herb-edition-power-plumping-gel-lipstick,flower-herb-edition-power-plumping-gel-lipstick,,catrice,economica,explicita,barra,jelly,,True,True,False,False,False,False,False,False,Catrice,Flower & Herb Edition Power Plumping Gel Lipstick,33,0,14,1,33,False,False,e16fbc31b336,completo
https://inkeedecoder.com/products/revlon-kiss-glow-lip-oil-tm,revlon-kiss-glow-lip-oil-tm,kiss-glow-lip-oil-tm,,revlon,economica,explicita,aceite,brillante,,True,False,False,False,False,False,False,False,Revlon,Kiss Glow Lip Oil™,17,9,8,1,17,True,True,a703cd99da3c,completo
https://inkeedecoder.com/products/revlon-super-lustrous-lipstick,revlon-super-lustrous-lipstick,super-lustrous-lipstick,,revlon,economica,explicita,barra,no_declarado,,True,False,False,False,False,False,False,False,Revlon,Super Lustrous Lipstick,26,11,11,1,26,True,True,c53077bd2b00,completo
https://inkeedecoder.com/products/essence-the-super-peptide-glossy-lip-treatment,essence-the-super-peptide-glossy-lip-treatment,the-super-peptide-glossy-lip-treatment,,essence,economica,explicita,balsamo,brillante,,True,False,False,False,False,False,False,False,Essence,The Super Peptide Glossy Lip Treatment,20,0,8,1,20,False,False,c0a05f136d80,completo
https://inkeedecoder.com/products/maybelline-lifter-gel-oil-in-gel-lip-gloss-with-hyaluronic-acid,maybelline-lifter-gel-oil-in-gel-lip-gloss-with-hyaluronic-acid,lifter-gel-oil-in-gel-lip-gloss-with-hyaluronic-acid,,maybelline,economica,explicita,aceite,jelly,,True,False,False,False,False,False,False,False,Maybelline,Lifter Gel Oil-in-gel Lip Gloss With Hyaluronic Acid,32,0,10,1,32,False,False,4fa05bb80b9a,completo
https://inkeedecoder.com/products/kiko-milano-3d-hydra-xtreme-lipgloss,kiko-milano-3d-hydra-xtreme-lipgloss,milano-3d-hydra-xtreme-lipgloss,,kiko,economica,explicita,gloss,no_declarado,,True,False,False,False,False,True,False,False,KIKO Milano,3d Hydra Xtreme Lipgloss,29,9,12,1,29,True,True,5092afa44677,completo
https://inkeedecoder.com/products/wet-n-wild-chameleon-chrome-lip-foil-halos-way,wet-n-wild-chameleon-chrome-lip-foil-halos-way,chameleon-chrome-lip-foil-halos-way,,wet-n-wild,economica,explicita,no_determinado,metalico,,True,False,False,False,False,False,False,False,Wet n Wild,Chameleon Chrome Lip Foil – Halo’s Way,22,3,10,1,22,True,True,c58055dda550,completo
https://inkeedecoder.com/products/nyx-slip-tease-full-color-lip-oil,nyx-slip-tease-full-color-lip-oil,slip-tease-full-color-lip-oil,,nyx,economica,explicita,aceite,no_declarado,,True,False,False,False,False,False,False,False,NYX,Slip Tease Full Color Lip Oil,27,6,10,1,27,True,True,3a5fd0c03299,completo
https://inkeedecoder.com/products/revlon-super-lustrous-glimmer-lip-oil-2,revlon-super-lustrous-glimmer-lip-oil-2,super-lustrous-glimmer-lip-oil-2,,revlon,economica,explicita,aceite,no_declarado,,True,False,False,False,False,False,False,False,Revlon,Super Lustrous Glimmer Lip Oil,18,6,9,1,18,True,True,d705accffdf2,completo
https://inkeedecoder.com/products/dior-addict-stellar-shine-lipstick,dior-addict-stellar-shine-lipstick,addict-stellar-shine-lipstick,,dior,alta,explicita,barra,brillante,,True,False,False,False,False,False,False,False,Dior,Addict Stellar Shine Lipstick,25,16,13,1,25,True,True,4da48ee2f003,completo
https://inkeedecoder.com/products/essence-what-the-fake-glass-shine-plumping-lip-filler,essence-what-the-fake-glass-shine-plumping-lip-filler,what-the-fake-glass-shine-plumping-lip-filler,,essence,economica,explicita,no_determinado,brillante,,True,True,False,False,False,False,False,False,Essence,What The Fake! Glass Shine Plumping Lip Filler,18,0,8,1,18,False,False,d5da46317537,completo
https://inkeedecoder.com/products/catrice-care-in-colours-lip-balm-hot-take,catrice-care-in-colours-lip-balm-hot-take,care-in-colours-lip-balm-hot-take,,catrice,economica,explicita,balsamo,no_declarado,,True,False,False,False,False,False,False,False,Catrice,Care In Colours Lip Balm Hot Take,12,0,6,1,12,False,False,7bd7a42e7dab,completo
https://inkeedecoder.com/products/nyx-professional-makeup-smooth-whip-matte-lip-cream,nyx-professional-makeup-smooth-whip-matte-lip-cream,professional-makeup-smooth-whip-matte-lip-cream,,nyx,economica,explicita,liquido,mate,,True,False,False,False,False,False,False,False,NYX Professional Makeup,Smooth Whip Matte Lip Cream,24,0,9,1,24,False,False,8c930984e085,completo
https://inkeedecoder.com/products/catrice-butter-drippin-glossy-lip-balm-030-butter-together,catrice-butter-drippin-glossy-lip-balm-030-butter-together,butter-drippin-glossy-lip-balm,030-butter-together,catrice,economica,explicita,balsamo,brillante,,True,False,False,False,False,False,False,False,Catrice,Butter Drippin' Glossy Lip Balm 030 Butter Together,37,0,15,1,37,False,False,5161c9d1fa03,completo
https://inkeedecoder.com/products/e-l-f-pout-clout-lip-plumping-pen-shimmer,e-l-f-pout-clout-lip-plumping-pen-shimmer,pout-clout-lip-plumping-pen-shimmer,,elf,economica,explicita,delineador,perlado,,True,True,False,False,False,False,False,False,e.l.f.,Pout Clout Lip Plumping Pen Shimmer,26,4,13,1,26,True,True,ffe3d2b22e40,completo
https://inkeedecoder.com/products/catrice-filler-supreme-lip-gloss,catrice-filler-supreme-lip-gloss,filler-supreme-lip-gloss,,catrice,economica,explicita,gloss,brillante,,True,False,False,False,False,False,False,False,Catrice,Filler Supreme Lip Gloss,22,0,14,1,22,False,False,393e47526829,completo
https://inkeedecoder.com/products/revlon-colorstay-moisture-stain,revlon-colorstay-moisture-stain,colorstay-moisture-stain,,revlon,economica,linea,tinte,no_declarado,,True,False,False,False,False,False,False,False,Revlon,Colorstay Moisture Stain,30,14,14,1,30,True,True,db484efac568,completo
https://inkeedecoder.com/products/essence-hydra-kiss-lip-oil,essence-hydra-kiss-lip-oil,hydra-kiss-lip-oil,,essence,economica,explicita,aceite,no_declarado,,True,False,False,False,False,True,False,False,Essence,Hydra Kiss Lip Oil,15,3,10,1,15,True,True,80364bde6648,completo
https://inkeedecoder.com/products/essence-juicy-bomb-shiny-lipgloss-09-fresh-banana,essence-juicy-bomb-shiny-lipgloss-09-fresh-banana,juicy-bomb-shiny-lipgloss,09-fresh-banana,essence,economica,explicita,gloss,brillante,,True,False,False,False,False,True,False,False,Essence,Juicy Bomb Shiny Lipgloss - 09 Fresh Banana,22,0,9,1,22,False,False,c73807bb9c1b,completo
https://inkeedecoder.com/products/revolution-inflatable-glow-lip-cheek-tint-tropical-creamsicle,revolution-inflatable-glow-lip-cheek-tint-tropical-creamsicle,inflatable-glow-lip-cheek-tint-tropical-creamsicle,,revolution,economica,explicita,tinte,brillante,cheek,True,False,False,False,False,False,False,False,Revolution,Inflatable Glow Lip & Cheek Tint Tropical Creamsicle,19,0,9,1,20,False,False,a18783defbcc,completo
https://inkeedecoder.com/products/maybelline-moisturizing-serum-lipstick-satin-finish,maybelline-moisturizing-serum-lipstick-satin-finish,moisturizing-serum-lipstick-satin-finish,,maybelline,economica,explicita,barra,satinado,,True,False,False,False,False,True,False,False,Maybelline,Moisturizing Serum Lipstick (satin Finish),36,11,12,1,36,True,True,af597517a133,completo
https://inkeedecoder.com/products/too-faced-lip-injection-extreme,too-faced-lip-injection-extreme,lip-injection-extreme,,too-faced,alta,explicita,no_determinado,no_declarado,,True,True,False,False,False,False,False,False,Too Faced,Lip injection extreme,19,4,11,1,19,True,True,c4b248c8fd1b,completo
https://inkeedecoder.com/products/nyx-candy-slick-glowy-lip-color,nyx-candy-slick-glowy-lip-color,candy-slick-glowy-lip-color,,nyx,economica,explicita,barra,no_declarado,,True,False,False,False,False,False,False,False,NYX,Candy Slick Glowy Lip Color,22,7,12,1,22,True,True,9b1793a16dec,completo
https://inkeedecoder.com/products/loreal-age-perfect-satin-lipstick-with-precious-oils-blooming-rose,loreal-age-perfect-satin-lipstick-with-precious-oils-blooming-rose,age-perfect-satin-lipstick-with-precious-oils-blooming-rose,,loreal,economica,explicita,barra,satinado,,True,False,False,False,False,False,False,False,L'Oreal,Age Perfect Satin Lipstick With Precious Oils Blooming Rose,36,16,12,1,36,True,True,71742629cdf2,completo
https://inkeedecoder.com/products/catrice-lip-lovin-caring-lip-serum,catrice-lip-lovin-caring-lip-serum,lip-lovin-caring-lip-serum,,catrice,economica,explicita,balsamo,no_declarado,,True,False,False,False,False,False,False,False,Catrice,Lip Lovin' Caring Lip Serum,21,0,9,1,21,False,False,327d55c3c704,completo
https://inkeedecoder.com/products/kiko-milano-smart-fusion-creamy-lip-crayon,kiko-milano-smart-fusion-creamy-lip-crayon,milano-smart-fusion-creamy-lip-crayon,,kiko,economica,explicita,delineador,cremoso,,True,False,False,False,False,False,False,False,KIKO Milano,Smart Fusion Creamy Lip Crayon,22,0,11,1,22,False,False,4989c1c4a694,completo
https://inkeedecoder.com/products/revolution-skincare-lip-protector-spf-30-lip-balm,revolution-skincare-lip-protector-spf-30-lip-balm,skincare-lip-protector-spf,30-lip-balm,revolution,economica,explicita,no_determinado,no_declarado,,True,False,False,False,False,False,False,True,Revolution Skincare,Lip Protector SPF 30 Lip Balm,18,0,8,1,18,False,False,8fbee6c1e3f1,completo
https://inkeedecoder.com/products/fenty-gloss-bomb-universal-lip-luminizer,fenty-gloss-bomb-universal-lip-luminizer,gloss-bomb-universal-lip-luminizer,,fenty-beauty,alta,explicita,gloss,brillante,,True,False,False,False,False,False,False,False,Fenty,Gloss Bomb Universal Lip Luminizer,37,0,16,1,37,False,False,63a1d27afc4a,completo
https://inkeedecoder.com/products/essence-shine-shine-shine-lipgloss,essence-shine-shine-shine-lipgloss,shine-shine-shine-lipgloss,,essence,economica,explicita,gloss,brillante,,True,False,False,False,False,False,False,False,Essence,Shine Shine Shine Lipgloss,19,0,10,1,19,False,False,27b52e726882,completo
https://inkeedecoder.com/products/revlon-super-lustrous-the-lip-gloss-tm,revlon-super-lustrous-the-lip-gloss-tm,super-lustrous-the-lip-gloss-tm,,revlon,economica,explicita,gloss,brillante,,True,False,False,False,False,False,False,False,Revlon,Super Lustrous The Lip Gloss™,26,11,11,1,26,True,True,a47f294b97cb,completo
https://inkeedecoder.com/products/milani-fruit-fetish-passionfruit-coconut-lip-oil,milani-fruit-fetish-passionfruit-coconut-lip-oil,fruit-fetish-passionfruit-coconut-lip-oil,,milani,economica,explicita,aceite,no_declarado,,True,False,False,False,False,False,False,False,Milani,Fruit Fetish Passionfruit Coconut Lip Oil,46,0,13,1,46,False,False,421bdb8d865d,completo
https://inkeedecoder.com/products/dior-lip-tattoo-2,dior-lip-tattoo-2,lip-tattoo-2,,dior,alta,explicita,tinte,no_declarado,,True,False,False,False,False,False,False,False,Dior,Lip Tattoo,27,15,14,1,27,True,True,275873a08c81,completo
https://inkeedecoder.com/products/laneige-lip-glowy-balm-pear,laneige-lip-glowy-balm-pear,lip-glowy-balm-pear,,laneige,alta,explicita,balsamo,no_declarado,,True,False,False,False,False,False,False,False,LANEIGE,Lip Glowy Balm - Pear,30,0,11,1,30,False,False,0d187e4ddf61,completo
https://inkeedecoder.com/products/essence-melting-for-ice-cream-ph-reacting-lip-cream-02-vanilla-la-love,essence-melting-for-ice-cream-ph-reacting-lip-cream-02-vanilla-la-love,melting-for-ice-cream-ph-reacting-lip-cream,02-vanilla-la-love,essence,economica,explicita,liquido,cremoso,,True,False,False,False,False,False,False,False,Essence,Melting For Ice Cream pH-Reacting Lip Cream 02 Vanilla-La-Love,15,4,11,1,15,True,True,a78ccfa883d8,completo
https://inkeedecoder.com/products/wet-n-wild-buzz-buzz-hunny-lip-gloss-bee-nice,wet-n-wild-buzz-buzz-hunny-lip-gloss-bee-nice,buzz-buzz-hunny-lip-gloss-bee-nice,,wet-n-wild,economica,explicita,gloss,brillante,,True,False,False,False,False,False,False,False,Wet n Wild,Buzz Buzz Hunny Lip Gloss | Bee Nice,31,4,13,1,31,True,True,248e9282763b,completo
https://inkeedecoder.com/products/laneige-lipbalm,laneige-lipbalm,lipbalm,,laneige,alta,explicita,balsamo,no_declarado,,True,False,False,False,False,False,False,False,LANEIGE,Lipbalm,46,0,15,1,46,False,False,e6e19aac35be,completo
https://inkeedecoder.com/products/clinique-pop-longwear-lipstick,clinique-pop-longwear-lipstick,pop-longwear-lipstick,,clinique,alta,explicita,barra,no_declarado,,True,False,True,False,False,False,False,False,Clinique,Pop Longwear Lipstick,26,16,13,1,26,True,True,f4df0bde3530,completo
https://inkeedecoder.com/products/too-faced-kissing-juicy-tint-lip-balm-cream-soda,too-faced-kissing-juicy-tint-lip-balm-cream-soda,kissing-juicy-tint-lip-balm-cream-soda,,too-faced,alta,linea,balsamo,cremoso,,True,False,False,False,False,True,False,False,Too Faced,Kissing Juicy Tint Lip Balm - Cream Soda,35,0,11,1,35,False,False,7b698555f9d7,completo
https://inkeedecoder.com/products/essence-lip-care-booster-lip-peeling,essence-lip-care-booster-lip-peeling,lip-care-booster-lip-peeling,,essence,economica,explicita,balsamo,no_declarado,,True,True,False,False,False,False,False,False,Essence,Lip Care Booster Lip Peeling,21,0,9,1,21,False,False,7476d9b5af08,completo
https://inkeedecoder.com/products/wet-n-wild-mega-glo-lip-cheek-color,wet-n-wild-mega-glo-lip-cheek-color,mega-glo-lip-cheek-color,,wet-n-wild,economica,explicita,barra,no_declarado,cheek,True,False,False,False,False,False,False,False,Wet n Wild,Mega Glo Lip & Cheek Color,15,7,7,1,15,True,True,1730f68bf6c1,completo
https://inkeedecoder.com/products/catrice-glossin-glow-tinted-lip-oil-070-make-a-move,catrice-glossin-glow-tinted-lip-oil-070-make-a-move,glossin-glow-tinted-lip-oil,070-make-a-move,catrice,economica,explicita,aceite,brillante,,True,False,False,False,False,False,False,False,Catrice,Glossin' Glow Tinted Lip Oil 070 Make A Move,15,0,8,1,15,False,False,3c810bdc1385,completo
https://inkeedecoder.com/products/revolution-relove-baby-gloss-lip-gloss,revolution-relove-baby-gloss-lip-gloss,relove-baby-gloss-lip-gloss,,revolution,economica,explicita,gloss,brillante,,True,False,False,False,False,False,False,False,Revolution,Relove Baby Gloss Lip Gloss,13,6,9,1,14,True,True,38c7271748be,completo
https://inkeedecoder.com/products/maybelline-colorsensational-lip-liner,maybelline-colorsensational-lip-liner,colorsensational-lip-liner,,maybelline,economica,explicita,delineador,no_declarado,,True,False,False,False,False,False,False,False,Maybelline,Colorsensational Lip Liner,17,13,9,1,17,True,True,33fb394903e1,completo
https://inkeedecoder.com/products/loreal-color-riche-matin-balm,loreal-color-riche-matin-balm,color-riche-matin-balm,,loreal,economica,linea,barra,no_declarado,,True,False,False,False,False,False,False,False,L'Oreal,Color Riche Matin Balm,34,10,9,1,34,True,True,90371f4f3f1c,completo
https://inkeedecoder.com/products/nyx-professional-makeup-fat-oil-lip-drip-juicy-boo,nyx-professional-makeup-fat-oil-lip-drip-juicy-boo,professional-makeup-fat-oil-lip-drip-juicy-boo,,nyx,economica,explicita,aceite,no_declarado,,True,False,False,False,False,True,False,False,NYX Professional Makeup,"Fat Oil Lip Drip, Juicy Boo",33,0,10,1,33,False,False,324aaf5b1972,completo
https://inkeedecoder.com/products/chanel-lip-and-cheek-balm,chanel-lip-and-cheek-balm,lip-and-cheek-balm,,chanel,alta,explicita,balsamo,no_declarado,cheek,True,False,False,False,False,False,False,False,Chanel,Lip And Cheek Balm,17,0,9,1,17,False,False,b13b3b1381b2,completo
https://inkeedecoder.com/products/revolution-relove-by-revolution-baby-tint-lip-cheek-tint,revolution-relove-by-revolution-baby-tint-lip-cheek-tint,relove-by-revolution-baby-tint-lip-cheek-tint,,revolution,economica,explicita,tinte,no_declarado,cheek,True,False,False,False,False,False,False,False,Revolution,Relove By Revolution Baby Tint Lip & Cheek Tint,18,8,11,1,19,True,True,6592661deb8b,completo
https://inkeedecoder.com/products/charlotte-tilbury-matte-revolution-lipsticks,charlotte-tilbury-matte-revolution-lipsticks,matte-revolution-lipsticks,,charlotte-tilbury,alta,linea,barra,mate,,True,False,False,False,False,False,False,False,Charlotte Tilbury,Matte Revolution Lipsticks,21,6,10,1,21,True,True,9cec46f5647e,completo
https://inkeedecoder.com/products/kiko-milano-3d-hydra-lipgloss-2,kiko-milano-3d-hydra-lipgloss-2,milano-3d-hydra-lipgloss-2,,kiko,economica,explicita,gloss,no_declarado,,True,False,False,False,False,True,False,False,KIKO Milano,3d Hydra Lipgloss,27,7,10,1,27,True,True,841ec57c81c4,completo
https://inkeedecoder.com/products/mac-m-a-c-locked-kiss-ink-24hr-lipcolour,mac-m-a-c-locked-kiss-ink-24hr-lipcolour,m-a-c-locked-kiss-ink-24hr-lipcolour,,mac,alta,explicita,liquido,no_declarado,,True,False,False,False,False,False,False,False,MAC,M·a·c Locked Kiss Ink 24hr Lipcolour,32,23,12,1,32,True,True,e4255fe5b6a6,completo
https://inkeedecoder.com/products/catrice-peptide-bliss-glossy-lip-balm,catrice-peptide-bliss-glossy-lip-balm,peptide-bliss-glossy-lip-balm,,catrice,economica,explicita,balsamo,brillante,,True,False,False,False,False,False,False,False,Catrice,Peptide Bliss Glossy Lip Balm,29,0,9,1,29,False,False,19cfc8a861c4,completo
https://inkeedecoder.com/products/e-l-f-lip-plumping-gloss-2025,e-l-f-lip-plumping-gloss-2025,lip-plumping-gloss,2025,elf,economica,explicita,gloss,brillante,,True,True,False,False,False,False,False,False,e.l.f.,Lip Plumping Gloss (2025),33,0,12,1,33,False,False,38f893b9dbbc,completo
https://inkeedecoder.com/products/milani-fruit-fetish-cherry-lime-lip-oil,milani-fruit-fetish-cherry-lime-lip-oil,fruit-fetish-cherry-lime-lip-oil,,milani,economica,explicita,aceite,no_declarado,,True,False,False,False,False,False,False,False,Milani,Fruit Fetish Cherry Lime Lip Oil,49,0,13,1,49,False,False,a2e0e1fe9d2b,completo
https://inkeedecoder.com/products/milani-fruit-fetish-lip-oils-strawberry-melon,milani-fruit-fetish-lip-oils-strawberry-melon,fruit-fetish-lip-oils-strawberry-melon,,milani,economica,explicita,aceite,no_declarado,,True,False,False,False,False,False,False,False,Milani,Fruit Fetish Lip Oils (Strawberry Melon),47,0,13,1,47,False,False,2165e22fb883,completo
https://inkeedecoder.com/products/essence-hydra-kiss-lip-oil-midnight-mystery,essence-hydra-kiss-lip-oil-midnight-mystery,hydra-kiss-lip-oil-midnight-mystery,,essence,economica,explicita,aceite,no_declarado,,True,False,False,False,False,True,False,False,Essence,Hydra Kiss Lip Oil Midnight Mystery,17,3,11,1,17,True,True,dceecc67e23f,completo
https://inkeedecoder.com/products/dior-addict-hydrating-shine-lipstick,dior-addict-hydrating-shine-lipstick,addict-hydrating-shine-lipstick,,dior,alta,explicita,barra,brillante,,True,False,False,False,False,True,False,False,Dior,Addict Hydrating Shine Lipstick,23,6,9,1,23,True,True,dc991a9cf732,completo
https://inkeedecoder.com/products/laneige-lip-glowy-balm-grapefruit,laneige-lip-glowy-balm-grapefruit,lip-glowy-balm-grapefruit,,laneige,alta,explicita,balsamo,no_declarado,,True,False,False,False,False,False,False,False,LANEIGE,Lip Glowy Balm - Grapefruit,38,0,12,1,38,False,False,35bd6d0e61b7,completo
https://inkeedecoder.com/products/milani-keep-it-smooth-lip-treatment-luxe-lip-treatment,milani-keep-it-smooth-lip-treatment-luxe-lip-treatment,keep-it-smooth-lip-treatment-luxe-lip-treatment,,milani,economica,explicita,balsamo,no_declarado,,True,False,False,False,False,False,False,False,Milani,Keep It Smooth Lip Treatment Luxe Lip Treatment,17,2,9,1,17,True,True,803959a1cab4,completo
https://inkeedecoder.com/products/maybelline-sensational-cushion-matte-lip-tint-matte-liptint-cheektint-colour-tint,maybelline-sensational-cushion-matte-lip-tint-matte-liptint-cheektint-colour-tint,sensational-cushion-matte-lip-tint-matte-liptint-cheektint-colour-tint,,maybelline,economica,explicita,cushion,mate,,True,False,False,False,False,False,False,False,Maybelline,"Sensational Cushion Matte Lip Tint [matte Liptint, Cheektint, Colour Tint]",23,6,10,1,23,True,True,ff1df13a2e3f,completo
https://inkeedecoder.com/products/maybelline-lifter-plump,maybelline-lifter-plump,lifter-plump,,maybelline,economica,linea,no_determinado,no_declarado,,True,True,False,False,False,False,False,False,Maybelline,Lifter Plump,37,11,15,1,37,True,True,a1da665d04db,completo
https://inkeedecoder.com/products/catrice-plumping-lip-liner,catrice-plumping-lip-liner,plumping-lip-liner,,catrice,economica,explicita,delineador,no_declarado,,True,True,False,False,False,False,False,False,Catrice,Plumping Lip Liner,23,0,13,1,23,False,False,0cda58835e5f,completo
https://inkeedecoder.com/products/revlon-colorstay-lip-liner,revlon-colorstay-lip-liner,colorstay-lip-liner,,revlon,economica,explicita,delineador,no_declarado,,True,False,False,False,False,False,False,False,Revlon,Colorstay Lip Liner,12,22,11,1,12,True,True,880a02f57fd4,completo
https://inkeedecoder.com/products/e-l-f-hydrating-core-lip-shine,e-l-f-hydrating-core-lip-shine,hydrating-core-lip-shine,,elf,economica,explicita,no_determinado,brillante,,True,False,False,False,False,True,False,False,e.l.f.,Hydrating Core Lip Shine,22,0,8,1,22,False,False,63da6d60d3e9,completo
https://inkeedecoder.com/products/essence-peppermint-glow-lip-balm,essence-peppermint-glow-lip-balm,peppermint-glow-lip-balm,,essence,economica,explicita,balsamo,brillante,,True,False,False,False,False,False,False,False,Essence,Peppermint Glow Lip Balm,30,0,11,1,30,False,False,e95c94ee783c,completo
https://inkeedecoder.com/products/too-faced-kissing-juicy-tint,too-faced-kissing-juicy-tint,kissing-juicy-tint,,too-faced,alta,linea,tinte,no_declarado,,True,False,False,False,False,True,False,False,Too Faced,Kissing Juicy Tint,32,0,10,1,32,False,False,122f485c170f,completo
https://inkeedecoder.com/products/essence-the-super-peptide-glossy-lip-treatment-04-coralized,essence-the-super-peptide-glossy-lip-treatment-04-coralized,the-super-peptide-glossy-lip-treatment,04-coralized,essence,economica,explicita,balsamo,brillante,,True,False,False,False,False,False,False,False,Essence,The Super Peptide Glossy Lip Treatment 04 Coralized,26,0,9,1,26,False,False,522a489cff5f,completo
https://inkeedecoder.com/products/nyx-professional-makeup-nyx-slim-lip-pencil-nude-truffle,nyx-professional-makeup-nyx-slim-lip-pencil-nude-truffle,professional-makeup-nyx-slim-lip-pencil-nude-truffle,,nyx,economica,explicita,delineador,no_declarado,,True,False,False,False,False,False,False,False,NYX Professional Makeup,Nyx Slim Lip Pencil (Nude Truffle),21,0,8,1,21,False,False,1e05a664a97e,completo
https://inkeedecoder.com/products/essence-volumizing-collagen-vegan-lip-balm,essence-volumizing-collagen-vegan-lip-balm,volumizing-collagen-vegan-lip-balm,,essence,economica,explicita,balsamo,no_declarado,,True,True,False,False,False,False,False,False,Essence,Volumizing Collagen Vegan Lip Balm,30,0,12,1,30,False,False,3ff0faf03edd,completo
https://inkeedecoder.com/products/revolution-relove-roll-baby-lip-oil-papaya,revolution-relove-roll-baby-lip-oil-papaya,relove-roll-baby-lip-oil-papaya,,revolution,economica,explicita,aceite,no_declarado,,True,False,False,False,False,False,False,False,Revolution Relove,Roll Baby Lip Oil Papaya,11,0,7,1,11,False,False,4260a6ac483b,completo
https://inkeedecoder.com/products/catrice-power-full-5-liquid-lip-balm,catrice-power-full-5-liquid-lip-balm,power-full-5-liquid-lip-balm,,catrice,economica,explicita,balsamo,no_declarado,,True,False,False,False,False,False,False,False,Catrice,Power Full 5 Liquid Lip Balm,21,0,10,1,21,False,False,eb59032182d5,completo
https://inkeedecoder.com/products/makeup-revolution-aura-lip-balm,makeup-revolution-aura-lip-balm,aura-lip-balm,,revolution,economica,explicita,balsamo,no_declarado,,True,False,False,False,False,False,False,False,Makeup Revolution,Aura Lip Balm,24,0,8,1,25,False,False,33431175cf1d,completo
https://inkeedecoder.com/products/essence-heart-core-fruity-lip-balm-03-wild-watermelon,essence-heart-core-fruity-lip-balm-03-wild-watermelon,heart-core-fruity-lip-balm,03-wild-watermelon,essence,economica,explicita,balsamo,no_declarado,,True,False,False,False,False,False,False,False,Essence,Heart Core Fruity Lip Balm - 03 Wild Watermelon,25,0,12,1,25,False,False,e9e64ceb9097,completo
https://inkeedecoder.com/products/revolution-candy-haze-lip-balm,revolution-candy-haze-lip-balm,candy-haze-lip-balm,,revolution,economica,explicita,balsamo,no_declarado,,True,False,False,False,False,False,False,False,Revolution,Candy Haze Lip Balm,24,0,9,1,26,False,False,e7aa96689f6e,completo
https://inkeedecoder.com/products/charlotte-tilbury-pillow-talk-big-lip-plumpgasm,charlotte-tilbury-pillow-talk-big-lip-plumpgasm,pillow-talk-big-lip-plumpgasm,,charlotte-tilbury,alta,explicita,no_determinado,no_declarado,,True,True,False,False,False,False,False,False,Charlotte Tilbury,Pillow Talk Big Lip Plumpgasm,29,4,13,1,29,True,True,b590940e8bc4,completo
https://inkeedecoder.com/products/mac-lipglass,mac-lipglass,lipglass,,mac,alta,explicita,gloss,no_declarado,,True,False,False,False,False,False,False,False,MAC,Lipglass,4,0,4,1,4,False,False,de8b26c86d26,completo
https://inkeedecoder.com/products/essence-so-mesmerizing-colour-changing-lipstick,essence-so-mesmerizing-colour-changing-lipstick,so-mesmerizing-colour-changing-lipstick,,essence,economica,explicita,barra,no_declarado,,True,False,False,False,False,False,False,False,Essence,So Mesmerizing Colour-Changing Lipstick,16,0,7,1,16,False,False,fd5a38fc40ca,completo
https://inkeedecoder.com/products/essence-pink-is-the-new-black-colour-changing-lip-glow,essence-pink-is-the-new-black-colour-changing-lip-glow,pink-is-the-new-black-colour-changing-lip-glow,,essence,economica,explicita,barra,brillante,,True,False,False,False,False,False,False,False,Essence,Pink Is The New Black Colour-Changing Lip Glow,19,0,11,1,19,False,False,c5f07de28feb,completo
https://inkeedecoder.com/products/maybelline-baby-lips-dr-rescue-r-medicated-lip-balm,maybelline-baby-lips-dr-rescue-r-medicated-lip-balm,baby-lips-dr-rescue-r-medicated-lip-balm,,maybelline,economica,explicita,balsamo,no_declarado,,True,False,False,False,False,False,False,False,Maybelline,Baby Lips Dr Rescue® Medicated Lip Balm,19,6,12,2,18,True,True,80b11e735e3d,completo
https://inkeedecoder.com/products/e-l-f-main-stain-lip-marker,e-l-f-main-stain-lip-marker,main-stain-lip-marker,,elf,economica,explicita,tinte,no_declarado,,True,False,False,False,False,False,False,False,e.l.f.,Main Stain Lip Marker,12,5,11,1,12,True,True,c88469a87ff1,completo
https://inkeedecoder.com/products/catrice-glass-like-dewy-lip-tint,catrice-glass-like-dewy-lip-tint,glass-like-dewy-lip-tint,,catrice,economica,explicita,tinte,no_declarado,,True,False,False,False,False,False,False,False,Catrice,Glass Like Dewy Lip Tint,37,0,11,1,37,False,False,1239d90029e8,completo
https://inkeedecoder.com/products/essence-ginseng-lip-oil,essence-ginseng-lip-oil,ginseng-lip-oil,,essence,economica,explicita,aceite,no_declarado,,True,False,False,False,False,False,False,False,Essence,Ginseng Lip Oil,15,0,7,1,15,False,False,8f78cccee359,completo
https://inkeedecoder.com/products/maybelline-lipstick,maybelline-lipstick,lipstick,,maybelline,economica,explicita,barra,no_declarado,,True,False,False,False,False,False,False,False,Maybelline,Lipstick,24,13,11,1,24,True,True,8497cbbea286,completo
https://inkeedecoder.com/products/mac-squirt-plumping-gloss-stick,mac-squirt-plumping-gloss-stick,squirt-plumping-gloss-stick,,mac,alta,contextual,gloss,brillante,,True,True,False,False,False,False,False,False,MAC,Squirt Plumping Gloss Stick,35,0,14,1,35,False,False,82dd3dbd2eec,completo
https://inkeedecoder.com/products/kiko-milano-3d-hydra-lip-oil,kiko-milano-3d-hydra-lip-oil,milano-3d-hydra-lip-oil,,kiko,economica,explicita,aceite,no_declarado,,True,False,False,False,False,True,False,False,KIKO Milano,3d Hydra Lip Oil,14,0,7,1,14,False,False,55902433ff6a,completo
https://inkeedecoder.com/products/revolution-pro-goddess-glow-lip-oil-soleil,revolution-pro-goddess-glow-lip-oil-soleil,pro-goddess-glow-lip-oil-soleil,,revolution,economica,explicita,aceite,brillante,,True,False,False,False,False,False,False,False,Revolution Pro,Goddess Glow Lip Oil Soleil,13,0,7,1,13,False,False,77e39d3e89a8,completo
https://inkeedecoder.com/products/milani-color-statement-lipstick,milani-color-statement-lipstick,color-statement-lipstick,,milani,economica,explicita,barra,no_declarado,,True,False,False,False,False,False,False,False,Milani,Color Statement Lipstick,26,0,10,1,28,False,False,a5f3151f1ef6,completo
https://inkeedecoder.com/products/essence-poutline-soft-glide-lip-pencil,essence-poutline-soft-glide-lip-pencil,poutline-soft-glide-lip-pencil,,essence,economica,explicita,delineador,no_declarado,,True,False,False,False,False,False,False,False,Essence,Poutline Soft Glide Lip Pencil,18,0,7,1,18,False,False,fbe5c54394a9,completo
https://inkeedecoder.com/products/essence-what-a-tint-lip-cheek-tint-coral-sunset,essence-what-a-tint-lip-cheek-tint-coral-sunset,what-a-tint-lip-cheek-tint-coral-sunset,,essence,economica,explicita,tinte,no_declarado,cheek,True,False,False,False,False,False,False,False,Essence,What A Tint! Lip & Cheek Tint Coral Sunset,18,0,11,1,18,False,False,73d912d90d51,completo
https://inkeedecoder.com/products/revolution-glaze-lip-oil-glam-pink,revolution-glaze-lip-oil-glam-pink,glaze-lip-oil-glam-pink,,revolution,economica,explicita,aceite,brillante,,True,False,False,False,False,False,False,False,Revolution,Glaze Lip Oil Glam Pink,20,0,11,1,20,False,False,835554e34132,completo
https://inkeedecoder.com/products/mac-velvet-teddy-lipstick,mac-velvet-teddy-lipstick,velvet-teddy-lipstick,,mac,alta,explicita,barra,mate,,True,False,False,False,False,False,False,False,MAC,Velvet Teddy Lipstick,18,13,5,1,18,True,True,bc5c6274b98e,completo
https://inkeedecoder.com/products/nyx-cosmetics-lip-i-v-hydrating-lip-gloss-stain,nyx-cosmetics-lip-i-v-hydrating-lip-gloss-stain,cosmetics-lip-i-v-hydrating-lip-gloss-stain,,nyx,economica,explicita,gloss,brillante,,True,False,False,False,False,True,False,False,NYX Cosmetics,Lip I.v. Hydrating Lip Gloss Stain,31,0,12,1,31,False,False,8cf36517311e,completo
https://inkeedecoder.com/products/essence-extreme-shine-volume-lipgloss-rusty-kiss,essence-extreme-shine-volume-lipgloss-rusty-kiss,extreme-shine-volume-lipgloss-rusty-kiss,,essence,economica,explicita,gloss,brillante,,True,True,False,False,False,False,False,False,Essence,Extreme Shine Volume Lipgloss Rusty Kiss,19,0,9,1,19,False,False,76e81204a582,completo
https://inkeedecoder.com/products/kiko-milano-smart-fusion-lip-pencil,kiko-milano-smart-fusion-lip-pencil,milano-smart-fusion-lip-pencil,,kiko,economica,explicita,delineador,no_declarado,,True,False,False,False,False,False,False,False,KIKO Milano,Smart Fusion Lip Pencil,20,10,9,1,20,True,True,1312a483a9e9,completo
https://inkeedecoder.com/products/essence-8h-matte-comfort-lipliner,essence-8h-matte-comfort-lipliner,8h-matte-comfort-lipliner,,essence,economica,explicita,delineador,mate,,True,False,True,False,False,False,False,False,Essence,8h Matte Comfort Lipliner,16,0,7,1,16,False,False,597f46215907,completo
https://inkeedecoder.com/products/catrice-disney-winnie-the-pooh-lip-oil,catrice-disney-winnie-the-pooh-lip-oil,disney-winnie-the-pooh-lip-oil,,catrice,economica,explicita,aceite,no_declarado,,True,False,False,False,False,False,False,False,Catrice,Disney Winnie The Pooh Lip Oil,15,0,9,1,15,False,False,67ccfb99953c,completo
https://inkeedecoder.com/products/mac-dazzlelips-crayon-lipstick,mac-dazzlelips-crayon-lipstick,dazzlelips-crayon-lipstick,,mac,alta,explicita,barra,no_declarado,,True,False,False,False,False,False,False,False,MAC,Dazzlelips Crayon Lipstick,21,19,10,1,21,True,True,d5f6ba82bdb9,completo
https://inkeedecoder.com/products/revlon-kiss-baume,revlon-kiss-baume,kiss-baume,,revlon,economica,linea,no_determinado,no_declarado,,True,False,False,False,False,False,False,False,Revlon,Kiss Baume,29,0,11,2,28,False,False,e49571a30984,completo
https://inkeedecoder.com/products/fenty-beauty-pro-kissr-luscious-lip-balm,fenty-beauty-pro-kissr-luscious-lip-balm,pro-kissr-luscious-lip-balm,,fenty-beauty,alta,explicita,balsamo,no_declarado,,True,False,False,False,False,False,False,False,Fenty Beauty,Pro Kiss'r Luscious Lip Balm,20,0,8,1,20,False,False,70dc1ee2a4de,completo
https://inkeedecoder.com/products/mac-powder-kiss-lipstick,mac-powder-kiss-lipstick,powder-kiss-lipstick,,mac,alta,linea,barra,no_declarado,,True,False,False,False,False,False,False,False,MAC,Powder Kiss Lipstick,17,18,7,1,17,True,True,b0d6c6c6eb4f,completo
https://inkeedecoder.com/products/catrice-melt-plump-juicy-lip-plumper-010-more-amore,catrice-melt-plump-juicy-lip-plumper-010-more-amore,melt-plump-juicy-lip-plumper,010-more-amore,catrice,economica,explicita,no_determinado,no_declarado,,True,True,False,False,False,True,False,False,Catrice,Melt & Plump Juicy Lip Plumper 010 More Amore,23,0,12,1,23,False,False,d3ec8b1819c8,completo
https://inkeedecoder.com/products/revolution-satin-kiss-lipliner,revolution-satin-kiss-lipliner,satin-kiss-lipliner,,revolution,economica,explicita,delineador,satinado,,True,False,False,False,False,False,False,False,Revolution,Satin Kiss Lipliner,19,9,8,1,21,True,True,0417f8df181f,completo
https://inkeedecoder.com/products/catrice-glam-in-gold-glow-lip-balm,catrice-glam-in-gold-glow-lip-balm,glam-in-gold-glow-lip-balm,,catrice,economica,explicita,balsamo,brillante,,True,False,False,False,False,False,False,False,Catrice,Glam In Gold Glow Lip Balm,27,0,14,1,27,False,False,4384492057b7,completo
https://inkeedecoder.com/products/catrice-volumizing-extreme-lip-balm-020-spice-it-up,catrice-volumizing-extreme-lip-balm-020-spice-it-up,volumizing-extreme-lip-balm,020-spice-it-up,catrice,economica,explicita,balsamo,no_declarado,,True,True,False,False,False,False,False,False,Catrice,Volumizing Extreme Lip Balm - 020 Spice It Up,28,0,11,1,28,False,False,0e7511670a9b,completo
https://inkeedecoder.com/products/e-l-f-glow-reviver-lip-oil-glimmer,e-l-f-glow-reviver-lip-oil-glimmer,glow-reviver-lip-oil-glimmer,,elf,economica,explicita,aceite,brillante,,True,False,False,False,False,False,False,False,e.l.f.,Glow Reviver Lip Oil Glimmer,25,5,12,1,25,True,True,69464707dc5d,completo
https://inkeedecoder.com/products/essence-line-n-stain-tattoo-lip-liner-02-must-have-brown,essence-line-n-stain-tattoo-lip-liner-02-must-have-brown,line-n-stain-tattoo-lip-liner,02-must-have-brown,essence,economica,explicita,delineador,no_declarado,,True,False,False,False,False,False,False,False,Essence,Line N' Stain! Tattoo Lip Liner 02 Must Have Brown,24,0,13,1,24,False,False,a258104432f2,completo
https://inkeedecoder.com/products/mac-cremesheen-lipstick-brave-red,mac-cremesheen-lipstick-brave-red,cremesheen-lipstick-brave-red,,mac,alta,explicita,barra,no_declarado,,True,False,False,False,False,False,False,False,MAC,Cremesheen Lipstick - Brave Red,38,14,12,1,38,True,True,2a7f00e091da,completo
https://inkeedecoder.com/products/catrice-diamond-glaze-lip-gloss-020-poppin-glitters,catrice-diamond-glaze-lip-gloss-020-poppin-glitters,diamond-glaze-lip-gloss,020-poppin-glitters,catrice,economica,explicita,gloss,glitter,,True,False,False,False,False,False,False,False,Catrice,Diamond Glaze Lip Gloss 020 Poppin' Glitters,22,0,10,1,22,False,False,43d8ce0efa33,completo
https://inkeedecoder.com/products/catrice-gloss-obsessed-lip-glaze,catrice-gloss-obsessed-lip-glaze,gloss-obsessed-lip-glaze,,catrice,economica,explicita,gloss,brillante,,True,False,False,False,False,False,False,False,Catrice,Gloss Obsessed Lip Glaze,19,0,7,1,19,False,False,b3a6d8741b9b,completo
https://inkeedecoder.com/products/essence-tinted-kiss-hydrating-lip-tint,essence-tinted-kiss-hydrating-lip-tint,tinted-kiss-hydrating-lip-tint,,essence,economica,explicita,tinte,no_declarado,,True,False,False,False,False,True,False,False,Essence,Tinted Kiss Hydrating Lip Tint,20,0,11,1,20,False,False,4c6248751fe7,completo
https://inkeedecoder.com/products/catrice-melt-shine-juicy-lip-balm-050-resting-beach-face,catrice-melt-shine-juicy-lip-balm-050-resting-beach-face,melt-shine-juicy-lip-balm,050-resting-beach-face,catrice,economica,explicita,balsamo,brillante,,True,False,False,False,False,True,False,False,Catrice,Melt & Shine Juicy Lip Balm 050 Resting Beach Face,26,0,9,1,26,False,False,a234e09e31ed,completo
https://inkeedecoder.com/products/essence-pink-is-the-new-black-colour-changing-lip-cheek-balm,essence-pink-is-the-new-black-colour-changing-lip-cheek-balm,pink-is-the-new-black-colour-changing-lip-cheek-balm,,essence,economica,explicita,balsamo,no_declarado,cheek,True,False,False,False,False,False,False,False,Essence,Pink Is The New Black Colour-Changing Lip & Cheek Balm,18,0,8,1,18,False,False,af0f77ff26e2,completo
https://inkeedecoder.com/products/revolution-bouncy-pudding-lip-cheek-tint,revolution-bouncy-pudding-lip-cheek-tint,bouncy-pudding-lip-cheek-tint,,revolution,economica,explicita,tinte,no_declarado,cheek,True,False,False,False,False,False,False,False,Revolution,Bouncy Pudding Lip & Cheek Tint,18,7,8,1,19,True,True,f51e80fe0980,completo
https://inkeedecoder.com/products/mac-lipglass-air-non-sticky-gloss,mac-lipglass-air-non-sticky-gloss,lipglass-air-non-sticky-gloss,,mac,alta,explicita,gloss,brillante,,True,False,False,False,False,False,False,False,MAC,Lipglass Air Non-sticky Gloss,19,19,11,1,19,True,True,a5a5ec4961df,completo
https://inkeedecoder.com/products/essence-lip-care-booster-lip-butter,essence-lip-care-booster-lip-butter,lip-care-booster-lip-butter,,essence,economica,explicita,balsamo,cremoso,,True,True,False,False,False,False,False,False,Essence,Lip Care Booster Lip Butter,25,0,14,1,25,False,False,5d08f1c7e606,completo
https://inkeedecoder.com/products/nyx-cosmetics-this-is-milky-gloss-milkshakes,nyx-cosmetics-this-is-milky-gloss-milkshakes,cosmetics-this-is-milky-gloss-milkshakes,,nyx,economica,contextual,gloss,brillante,,True,False,False,False,False,False,False,False,NYX Cosmetics,This Is Milky Gloss Milkshakes,44,0,14,1,44,False,False,e46b395806b4,completo
https://inkeedecoder.com/products/milani-understatement-lipliner,milani-understatement-lipliner,understatement-lipliner,,milani,economica,explicita,delineador,no_declarado,,True,False,False,False,False,False,False,False,Milani,Understatement Lipliner,21,0,8,1,21,False,False,49d7b4f34b75,completo
https://inkeedecoder.com/products/catrice-lip-jam-hydrating-lip-gloss-010-you-are-one-in-a-melon,catrice-lip-jam-hydrating-lip-gloss-010-you-are-one-in-a-melon,lip-jam-hydrating-lip-gloss,010-you-are-one-in-a-melon,catrice,economica,explicita,gloss,brillante,,True,False,False,False,False,True,False,False,Catrice,Lip Jam Hydrating Lip Gloss - 010 You Are One In A Melon,22,0,10,1,22,False,False,94ecd4d68a00,completo
https://inkeedecoder.com/products/revolution-lip-allure-soft-satin-lipstick,revolution-lip-allure-soft-satin-lipstick,lip-allure-soft-satin-lipstick,,revolution,economica,explicita,barra,satinado,,True,False,False,False,False,False,False,False,Revolution,Lip Allure Soft Satin Lipstick,13,0,4,1,13,False,False,fd37371f32cc,completo
https://inkeedecoder.com/products/milani-keep-it-full-maxxx-balmshell-lip-plumping-balm-gloss,milani-keep-it-full-maxxx-balmshell-lip-plumping-balm-gloss,keep-it-full-maxxx-balmshell-lip-plumping-balm-gloss,,milani,economica,explicita,balsamo,brillante,,True,True,False,False,False,False,False,False,Milani,Keep It Full Maxxx Balmshell Lip Plumping Balm Gloss,44,0,16,1,44,False,False,c89db39aac0e,completo
https://inkeedecoder.com/products/revolution-lip-shift-peel-off-lip-stain,revolution-lip-shift-peel-off-lip-stain,lip-shift-peel-off-lip-stain,,revolution,economica,explicita,tinte,no_declarado,,True,False,False,False,False,False,False,False,Revolution,Lip Shift Peel Off Lip Stain,20,0,11,1,21,False,False,a012bb8e3411,completo
https://inkeedecoder.com/products/milani-rose-transforming-lip-balm,milani-rose-transforming-lip-balm,rose-transforming-lip-balm,,milani,economica,explicita,balsamo,no_declarado,,True,False,False,False,False,False,False,False,Milani,Rose Transforming Lip Balm,31,0,10,1,31,False,False,da5b5a8ba0b0,completo
https://inkeedecoder.com/products/essence-juicy-bomb-shiny-lipgloss-103-proud-papaya,essence-juicy-bomb-shiny-lipgloss-103-proud-papaya,juicy-bomb-shiny-lipgloss,103-proud-papaya,essence,economica,explicita,gloss,brillante,,True,False,False,False,False,True,False,False,Essence,Juicy Bomb Shiny Lipgloss 103 Proud Papaya,18,0,10,1,18,False,False,954434e7803f,completo
https://inkeedecoder.com/products/wet-n-wild-color-icon-lipliner,wet-n-wild-color-icon-lipliner,color-icon-lipliner,,wet-n-wild,economica,explicita,delineador,no_declarado,,True,False,False,False,False,False,False,False,Wet n Wild,Color Icon Lipliner,7,11,6,1,7,True,True,4281cb3f75d4,completo
https://inkeedecoder.com/products/maybelline-new-york-sensational-liquid-matte-lipstick,maybelline-new-york-sensational-liquid-matte-lipstick,new-york-sensational-liquid-matte-lipstick,,maybelline,economica,explicita,liquido,mate,,True,False,False,False,False,False,False,False,Maybelline,New York Sensational Liquid Matte Lipstick,13,9,9,1,13,True,True,4b3b0bbb1596,completo
https://inkeedecoder.com/products/catrice-secret-garden-lip-oil-c01-lips-dont-lie,catrice-secret-garden-lip-oil-c01-lips-dont-lie,secret-garden-lip-oil-c01-lips-dont-lie,,catrice,economica,explicita,aceite,no_declarado,,True,False,False,False,False,False,False,False,Catrice,Secret Garden Lip Oil - C01 Lips Don't Lie,25,0,11,1,25,False,False,376d7a1a0086,completo
https://inkeedecoder.com/products/essence-what-a-tint-lip-cheek-tint,essence-what-a-tint-lip-cheek-tint,what-a-tint-lip-cheek-tint,,essence,economica,explicita,tinte,no_declarado,cheek,True,False,False,False,False,False,False,False,Essence,What A Tint! Lip & Cheek Tint,19,0,11,1,19,False,False,7b1695b92ca7,completo
https://inkeedecoder.com/products/maybelline-lifter-glaze-oil-balm,maybelline-lifter-glaze-oil-balm,lifter-glaze-oil-balm,,maybelline,economica,linea,balsamo_con_aceite,brillante,,True,False,False,False,False,False,False,False,Maybelline,Lifter Glaze Oil Balm,35,12,13,1,35,True,True,2e299225f14e,completo
https://inkeedecoder.com/products/laneige-lip-glowy-balm-gummy-bear,laneige-lip-glowy-balm-gummy-bear,lip-glowy-balm-gummy-bear,,laneige,alta,explicita,balsamo,no_declarado,,True,False,False,False,False,False,False,False,LANEIGE,Lip Glowy Balm - Gummy Bear,57,0,9,1,57,False,False,d286af1f79c8,completo
https://inkeedecoder.com/products/catrice-max-it-up-lip-booster-extreme-glowy-plumper,catrice-max-it-up-lip-booster-extreme-glowy-plumper,max-it-up-lip-booster-extreme-glowy-plumper,,catrice,economica,explicita,no_determinado,no_declarado,,True,True,False,False,False,False,False,False,Catrice,Max It Up Lip Booster Extreme Glowy Plumper,18,0,12,1,18,False,False,3d8453f936b6,completo
https://inkeedecoder.com/products/revlon-super-lustrous-ultra-lipstick,revlon-super-lustrous-ultra-lipstick,super-lustrous-ultra-lipstick,,revlon,economica,explicita,barra,no_declarado,,True,False,False,False,False,False,False,False,Revlon,Super Lustrous Ultra Lipstick,32,6,10,1,32,True,True,8226b806d50c,completo
https://inkeedecoder.com/products/essence-juicy-bomb-glossy-butter-balm,essence-juicy-bomb-glossy-butter-balm,juicy-bomb-glossy-butter-balm,,essence,economica,linea,balsamo,brillante,,True,False,False,False,False,True,False,False,Essence,Juicy Bomb Glossy Butter Balm,22,0,10,1,22,False,False,b38e4563cf2d,completo
https://inkeedecoder.com/products/catrice-max-it-up-lip-booster-extreme-holo-plumper,catrice-max-it-up-lip-booster-extreme-holo-plumper,max-it-up-lip-booster-extreme-holo-plumper,,catrice,economica,explicita,no_determinado,no_declarado,,True,True,False,False,False,False,False,False,Catrice,Max It Up Lip Booster Extreme Holo Plumper,15,0,9,1,15,False,False,81a9354e9996,completo
https://inkeedecoder.com/products/nyx-professional-makeup-suede-matte-lip-liner,nyx-professional-makeup-suede-matte-lip-liner,professional-makeup-suede-matte-lip-liner,,nyx,economica,explicita,delineador,mate,,True,False,False,False,False,False,False,False,NYX Professional Makeup,Suede Matte Lip Liner,29,13,11,1,29,True,True,b9574902cd3e,completo
https://inkeedecoder.com/products/e-l-f-thirst-burst-lip-treatment,e-l-f-thirst-burst-lip-treatment,thirst-burst-lip-treatment,,elf,economica,explicita,balsamo,no_declarado,,True,False,False,False,False,False,False,False,e.l.f.,Thirst Burst Lip Treatment,31,3,13,1,31,True,True,5c8b9cb62a58,completo
https://inkeedecoder.com/products/essence-meta-glow-multi-reflective-lipgloss-02-digital-pink,essence-meta-glow-multi-reflective-lipgloss-02-digital-pink,meta-glow-multi-reflective-lipgloss,02-digital-pink,essence,economica,explicita,gloss,brillante,,True,False,False,False,False,False,False,False,Essence,Meta Glow Multi-Reflective Lipgloss 02 Digital Pink,20,0,10,1,20,False,False,2029db85bbf4,completo
https://inkeedecoder.com/products/revolution-hot-shot-plumping-lip-gloss,revolution-hot-shot-plumping-lip-gloss,hot-shot-plumping-lip-gloss,,revolution,economica,explicita,gloss,brillante,,True,True,False,False,False,False,False,False,Revolution,Hot Shot Plumping Lip Gloss,16,0,8,1,16,False,False,a973ce66540a,completo
https://inkeedecoder.com/products/essence-heart-core-fruity-lip-balm-02-sweet-strawberry,essence-heart-core-fruity-lip-balm-02-sweet-strawberry,heart-core-fruity-lip-balm,02-sweet-strawberry,essence,economica,explicita,balsamo,no_declarado,,True,False,False,False,False,False,False,False,Essence,Heart Core Fruity Lip Balm - 02 Sweet Strawberry,27,0,12,1,27,False,False,445f895370af,completo
https://inkeedecoder.com/products/catrice-plump-it-up-lip-booster-no-fake-love,catrice-plump-it-up-lip-booster-no-fake-love,plump-it-up-lip-booster-no-fake-love,,catrice,economica,explicita,no_determinado,no_declarado,,True,True,False,False,False,False,False,False,Catrice,Plump It Up Lip Booster No Fake Love,26,0,10,1,26,False,False,3fa5250b82a6,completo
https://inkeedecoder.com/products/catrice-volumizing-extreme-lip-booster-030-nice-bonbon,catrice-volumizing-extreme-lip-booster-030-nice-bonbon,volumizing-extreme-lip-booster,030-nice-bonbon,catrice,economica,explicita,no_determinado,no_declarado,,True,True,False,False,False,False,False,False,Catrice,Volumizing Extreme Lip Booster - 030 N'ice Bonbon,18,0,8,1,18,False,False,44d83b11939b,completo
https://inkeedecoder.com/products/essence-juicy-bomb-glossy-butter-balm-05-choco-lot-to-handle,essence-juicy-bomb-glossy-butter-balm-05-choco-lot-to-handle,juicy-bomb-glossy-butter-balm,05-choco-lot-to-handle,essence,economica,linea,balsamo,brillante,,True,False,False,False,False,True,False,False,Essence,Juicy Bomb Glossy Butter Balm 05 Choco-lot To Handle,23,0,10,1,23,False,False,0073edcba2bb,completo
https://inkeedecoder.com/products/essence-juicy-bomb-shiny-lipgloss-10-sweet-mint,essence-juicy-bomb-shiny-lipgloss-10-sweet-mint,juicy-bomb-shiny-lipgloss,10-sweet-mint,essence,economica,explicita,gloss,brillante,,True,False,False,False,False,True,False,False,Essence,Juicy Bomb Shiny Lipgloss - 10 Sweet Mint,24,0,11,1,24,False,False,e77d7694308c,completo
https://inkeedecoder.com/products/catrice-lip-jam-hydrating-lip-gloss-070-cherry-on-top,catrice-lip-jam-hydrating-lip-gloss-070-cherry-on-top,lip-jam-hydrating-lip-gloss,070-cherry-on-top,catrice,economica,explicita,gloss,brillante,,True,False,False,False,False,True,False,False,Catrice,Lip Jam Hydrating Lip Gloss 070 Cherry On Top,23,0,8,1,23,False,False,20a8c95fb50d,completo
https://inkeedecoder.com/products/revolution-relove-glam-balm-lip-balm,revolution-relove-glam-balm-lip-balm,relove-glam-balm-lip-balm,,revolution,economica,explicita,balsamo,no_declarado,,True,False,False,False,False,False,False,False,Revolution,Relove Glam Balm Lip Balm,20,0,8,1,22,False,False,53cc5fda1e41,completo
https://inkeedecoder.com/products/nyx-professional-makeup-line-loud-lip-pencil,nyx-professional-makeup-line-loud-lip-pencil,professional-makeup-line-loud-lip-pencil,,nyx,economica,explicita,delineador,no_declarado,,True,False,False,False,False,False,False,False,NYX Professional Makeup,Line Loud Lip Pencil,11,0,7,1,11,False,False,4e3f097a4ec8,completo
https://inkeedecoder.com/products/loreal-color-riche-le-lip-liner,loreal-color-riche-le-lip-liner,color-riche-le-lip-liner,,loreal,economica,linea,delineador,no_declarado,,True,False,False,False,False,False,False,False,L'Oreal,Color Riche Le Lip Liner,28,13,12,1,28,True,True,27b2d32ed644,completo
https://inkeedecoder.com/products/essence-extreme-shine-volume-lipgloss-biscuit-bliss,essence-extreme-shine-volume-lipgloss-biscuit-bliss,extreme-shine-volume-lipgloss-biscuit-bliss,,essence,economica,explicita,gloss,brillante,,True,True,False,False,False,False,False,False,Essence,Extreme Shine Volume Lipgloss Biscuit Bliss,20,0,9,1,20,False,False,09a1f5c70f10,completo
https://inkeedecoder.com/products/maybelline-new-york-color-sensational-lipstick,maybelline-new-york-color-sensational-lipstick,new-york-color-sensational-lipstick,,maybelline,economica,explicita,barra,no_declarado,,True,False,False,False,False,False,False,False,Maybelline New York,Color Sensational Lipstick,47,0,11,1,47,False,False,2231abee8615,completo
https://inkeedecoder.com/products/wet-n-wild-megaslicks-balm-stain,wet-n-wild-megaslicks-balm-stain,megaslicks-balm-stain,,wet-n-wild,economica,linea,balsamo,no_declarado,,True,False,False,False,False,False,False,False,Wet n Wild,Megaslicks Balm Stain,17,12,10,1,17,True,True,e70d0f785ecb,completo
https://inkeedecoder.com/products/revolution-pout-lip-gloss-stick,revolution-pout-lip-gloss-stick,pout-lip-gloss-stick,,revolution,economica,explicita,gloss,brillante,,True,False,False,False,False,False,False,False,Revolution,Pout Lip Gloss Stick,27,5,12,1,27,True,True,76e8896487bb,completo
https://inkeedecoder.com/products/revolution-i-heart-revolution-tropical-lip-oil-pomegranate,revolution-i-heart-revolution-tropical-lip-oil-pomegranate,i-heart-revolution-tropical-lip-oil-pomegranate,,revolution,economica,explicita,aceite,no_declarado,,True,False,False,False,False,False,False,False,Revolution,I Heart Revolution Tropical Lip Oil Pomegranate,17,0,9,1,17,False,False,7e8ca74dd379,completo
https://inkeedecoder.com/products/revlon-kiss-lip-balm,revlon-kiss-lip-balm,kiss-lip-balm,,revlon,economica,explicita,balsamo,no_declarado,,True,False,False,False,False,False,False,False,Revlon,Kiss Lip Balm,34,0,10,2,33,False,False,b22d1b9b9aa0,completo
https://inkeedecoder.com/products/nyx-filler-instinct-plumping-lip-polish,nyx-filler-instinct-plumping-lip-polish,filler-instinct-plumping-lip-polish,,nyx,economica,explicita,no_determinado,no_declarado,,True,True,False,False,False,False,False,False,NYX,Filler Instinct Plumping Lip Polish,20,5,10,1,20,True,True,f2b0229afdc6,completo
https://inkeedecoder.com/products/fenty-beauty-by-rihanna-gloss-bomb-universal-lip-luminizer,fenty-beauty-by-rihanna-gloss-bomb-universal-lip-luminizer,by-rihanna-gloss-bomb-universal-lip-luminizer,,fenty-beauty,alta,explicita,gloss,brillante,,True,False,False,False,False,False,False,False,Fenty Beauty By Rihanna,Gloss Bomb Universal Lip Luminizer,37,0,15,1,38,False,False,f8acdd5cdbea,completo
https://inkeedecoder.com/products/catrice-melt-plump-juicy-lip-plumper-2,catrice-melt-plump-juicy-lip-plumper-2,melt-plump-juicy-lip-plumper-2,,catrice,economica,explicita,no_determinado,no_declarado,,True,True,False,False,False,True,False,False,Catrice,Melt & Plump Juicy Lip Plumper,27,0,13,1,27,False,False,784fcba30920,completo
https://inkeedecoder.com/products/catrice-blur-real-lip-powder-cream,catrice-blur-real-lip-powder-cream,blur-real-lip-powder-cream,,catrice,economica,explicita,liquido,blur,,True,False,False,False,False,False,False,False,Catrice,Blur-real Lip Powder Cream,21,0,8,1,21,False,False,153932984a41,completo
https://inkeedecoder.com/products/milani-color-statement-lipliner,milani-color-statement-lipliner,color-statement-lipliner,,milani,economica,explicita,delineador,no_declarado,,True,False,False,False,False,False,False,False,Milani,Color Statement Lipliner,11,7,6,1,11,True,True,b860a3faefbe,completo
https://inkeedecoder.com/products/charlotte-tilbury-matte-revolution-lipstick,charlotte-tilbury-matte-revolution-lipstick,matte-revolution-lipstick,,charlotte-tilbury,alta,linea,barra,mate,,True,False,False,False,False,False,False,False,Charlotte Tilbury,Matte Revolution Lipstick,21,8,9,1,21,True,True,e058577b20b7,completo
https://inkeedecoder.com/products/milani-stay-put-liquid-lip-longwear-lipstick,milani-stay-put-liquid-lip-longwear-lipstick,stay-put-liquid-lip-longwear-lipstick,,milani,economica,explicita,liquido,no_declarado,,True,False,True,False,False,False,False,False,Milani,Stay Put Liquid Lip Longwear Lipstick,20,0,8,1,21,False,False,5655356b0532,completo
https://inkeedecoder.com/products/catrice-clean-id-highly-caring-lip-balm,catrice-clean-id-highly-caring-lip-balm,clean-id-highly-caring-lip-balm,,catrice,economica,explicita,balsamo,no_declarado,,True,False,False,False,False,False,False,False,Catrice,Clean ID Highly Caring Lip Balm,15,0,5,1,15,False,False,acca6c8f84fd,completo
https://inkeedecoder.com/products/revlon-moon-drops-moisturizing-lip-conditioner,revlon-moon-drops-moisturizing-lip-conditioner,moon-drops-moisturizing-lip-conditioner,,revlon,economica,explicita,balsamo,no_declarado,,True,False,False,False,False,True,False,False,Revlon,Moon Drops Moisturizing Lip Conditioner,22,0,12,1,22,False,False,15054089823a,completo
https://inkeedecoder.com/products/revlon-colorstay-overtime-lip-color,revlon-colorstay-overtime-lip-color,colorstay-overtime-lip-color,,revlon,economica,explicita,barra,no_declarado,,True,False,False,False,False,False,False,False,Revlon,Colorstay Overtime Lip Color,13,17,10,1,13,True,True,5dcfc22b259b,completo
https://inkeedecoder.com/products/revolution-rehab-plump-me-up-lip-serum-orange-glaze,revolution-rehab-plump-me-up-lip-serum-orange-glaze,rehab-plump-me-up-lip-serum-orange-glaze,,revolution,economica,explicita,gloss,brillante,,True,True,False,False,False,False,False,False,Revolution,Rehab Plump Me Up Lip Serum Orange Glaze,13,0,7,1,13,False,False,011bd5199bc9,completo
https://inkeedecoder.com/products/fenty-beauty-poutsicle-hydrating-lip-stain,fenty-beauty-poutsicle-hydrating-lip-stain,poutsicle-hydrating-lip-stain,,fenty-beauty,alta,explicita,tinte,no_declarado,,True,False,False,False,False,True,False,False,Fenty Beauty,Poutsicle Hydrating Lip Stain,17,6,10,1,17,True,True,aa8cc008e8b5,completo
https://inkeedecoder.com/products/nyx-professional-makeup-butter-gloss-non-sticky-lip-gloss,nyx-professional-makeup-butter-gloss-non-sticky-lip-gloss,professional-makeup-butter-gloss-non-sticky-lip-gloss,,nyx,economica,linea,gloss,brillante,,True,False,False,False,False,False,False,False,NYX Professional Makeup,Butter Gloss Non-sticky Lip Gloss,13,7,8,1,13,True,True,04b9206fcd29,completo
https://inkeedecoder.com/products/catrice-melt-plump-juicy-lip-plumper-020-hyp-nude-tized,catrice-melt-plump-juicy-lip-plumper-020-hyp-nude-tized,melt-plump-juicy-lip-plumper,020-hyp-nude-tized,catrice,economica,explicita,no_determinado,no_declarado,,True,True,False,False,False,True,False,False,Catrice,Melt & Plump Juicy Lip Plumper 020 Hyp-nude-tized,24,0,12,1,24,False,False,e714d8c6fbcc,completo
https://inkeedecoder.com/products/nyx-professional-makeup-lip-lingerie-gloss-clear-2,nyx-professional-makeup-lip-lingerie-gloss-clear-2,professional-makeup-lip-lingerie-gloss-clear-2,,nyx,economica,explicita,gloss,brillante,,True,False,False,False,False,False,False,False,NYX Professional Makeup,Lip Lingerie Gloss - Clear,20,5,11,1,20,True,True,edddceb4ffd7,completo
https://inkeedecoder.com/products/kiko-milano-ph-glow-lipstick,kiko-milano-ph-glow-lipstick,milano-ph-glow-lipstick,,kiko,economica,explicita,barra,brillante,,True,False,False,False,False,False,False,False,KIKO Milano,pH Glow Lipstick,12,7,8,1,12,True,True,b6512952ceda,completo
https://inkeedecoder.com/products/nyx-cosmetics-wednesday-color-shifting-lip-oil,nyx-cosmetics-wednesday-color-shifting-lip-oil,cosmetics-wednesday-color-shifting-lip-oil,,nyx,economica,explicita,aceite,no_declarado,,True,False,False,False,False,False,False,False,NYX Cosmetics,Wednesday Color-shifting Lip Oil,29,0,12,1,29,False,False,9df4fab1ec34,completo
https://inkeedecoder.com/products/wet-n-wild-perfect-pout-lip-color,wet-n-wild-perfect-pout-lip-color,perfect-pout-lip-color,,wet-n-wild,economica,explicita,barra,no_declarado,,True,False,False,False,False,False,False,False,Wet n Wild,Perfect Pout Lip Color,31,10,9,1,31,True,True,bbd7ddec14b7,completo
https://inkeedecoder.com/products/catrice-glossin-glow-tinted-lip-oil-060-party-crasher,catrice-glossin-glow-tinted-lip-oil-060-party-crasher,glossin-glow-tinted-lip-oil,060-party-crasher,catrice,economica,explicita,aceite,brillante,,True,False,False,False,False,False,False,False,Catrice,Glossin' Glow Tinted Lip Oil 060 Party Crasher,16,0,11,1,16,False,False,07a24e112277,completo
https://inkeedecoder.com/products/essence-juicy-glow-hydrating-papaya-lip-patch,essence-juicy-glow-hydrating-papaya-lip-patch,juicy-glow-hydrating-papaya-lip-patch,,essence,economica,explicita,no_determinado,brillante,,True,False,False,False,False,True,False,False,Essence,Juicy Glow Hydrating Papaya Lip Patch,31,0,14,1,31,False,False,d917cce1221d,completo
https://inkeedecoder.com/products/essence-juicy-melon-tinted-lip-cheek-balm,essence-juicy-melon-tinted-lip-cheek-balm,juicy-melon-tinted-lip-cheek-balm,,essence,economica,explicita,balsamo,no_declarado,cheek,True,False,False,False,False,True,False,False,Essence,Juicy Melon Tinted Lip & Cheek Balm,17,0,9,1,17,False,False,082498add2cb,completo
https://inkeedecoder.com/products/revlon-super-lustrous-luscious-mattes-lipstick,revlon-super-lustrous-luscious-mattes-lipstick,super-lustrous-luscious-mattes-lipstick,,revlon,economica,explicita,barra,no_declarado,,True,False,False,False,False,False,False,False,Revlon,Super Lustrous Luscious Mattes Lipstick,24,6,7,1,24,True,True,b313679bc13b,completo
https://inkeedecoder.com/products/catrice-lip-coconut-balm,catrice-lip-coconut-balm,lip-coconut-balm,,catrice,economica,explicita,balsamo,no_declarado,,True,False,False,False,False,False,False,False,Catrice,Lip Coconut Balm,23,0,9,1,23,False,False,2c7cade1d482,completo
https://inkeedecoder.com/products/benefit-hangover-pillow-balm-lip-treatment,benefit-hangover-pillow-balm-lip-treatment,hangover-pillow-balm-lip-treatment,,too-faced,alta,explicita,balsamo,no_declarado,,True,False,False,False,False,False,False,False,Too Faced,Hangover Pillow Balm Lip Treatment,39,20,15,1,39,True,True,3994316a15ce,completo
https://inkeedecoder.com/products/revolution-gym-lip-resist-hydrating-lip-balm-pink,revolution-gym-lip-resist-hydrating-lip-balm-pink,gym-lip-resist-hydrating-lip-balm-pink,,revolution,economica,explicita,balsamo,no_declarado,,True,False,False,False,False,True,False,False,Revolution,Gym Lip Resist Hydrating Lip Balm Pink,15,0,9,1,16,False,False,97a813ebf4db,completo
https://inkeedecoder.com/products/nyx-butter-gloss,nyx-butter-gloss,butter-gloss,,nyx,economica,linea,gloss,brillante,,True,False,False,False,False,False,False,False,NYX,Butter Gloss,10,7,8,1,10,True,True,3013e563053d,completo
https://inkeedecoder.com/products/fenty-beauty-traced-out-longwear-waterproof-pencil-lip-liner,fenty-beauty-traced-out-longwear-waterproof-pencil-lip-liner,traced-out-longwear-waterproof-pencil-lip-liner,,fenty-beauty,alta,explicita,delineador,no_declarado,,True,False,True,False,True,False,False,False,Fenty Beauty,Trace'd Out Longwear Waterproof Pencil Lip Liner,13,0,6,1,15,False,False,af9767953db7,completo
https://inkeedecoder.com/products/nyx-professional-makeup-lip-lingerie-gloss-clear,nyx-professional-makeup-lip-lingerie-gloss-clear,professional-makeup-lip-lingerie-gloss-clear,,nyx,economica,explicita,gloss,brillante,,True,False,False,False,False,False,False,False,NYX Professional Makeup,Lip Lingerie Gloss - Clear,20,5,11,1,20,True,True,edddceb4ffd7,completo
https://inkeedecoder.com/products/essence-melting-for-ice-cream-ph-reacting-lip-cream-01-soft-sweet-creamy,essence-melting-for-ice-cream-ph-reacting-lip-cream-01-soft-sweet-creamy,melting-for-ice-cream-ph-reacting-lip-cream,01-soft-sweet-creamy,essence,economica,explicita,liquido,cremoso,,True,False,False,False,False,False,False,False,Essence,"Melting For Ice Cream pH-reacting Lip Cream 01 Soft, Sweet & Creamy",16,4,12,1,16,True,True,a98339580413,completo
https://inkeedecoder.com/products/maybelline-moisturizing-serum-lipstick-matte-finish,maybelline-moisturizing-serum-lipstick-matte-finish,moisturizing-serum-lipstick-matte-finish,,maybelline,economica,explicita,barra,mate,,True,False,False,False,False,True,False,False,Maybelline,Moisturizing Serum Lipstick (matte Finish),30,11,12,1,30,True,True,c70dee191edc,completo
https://inkeedecoder.com/products/clinique-dramatically-different-lipstick-shaping-lip-colour,clinique-dramatically-different-lipstick-shaping-lip-colour,dramatically-different-lipstick-shaping-lip-colour,,clinique,alta,explicita,barra,no_declarado,,True,False,False,False,False,False,False,False,Clinique,Dramatically Different Lipstick Shaping Lip Colour,27,0,9,1,27,False,False,40e9314922fc,completo
https://inkeedecoder.com/products/charlotte-tilbury-lip-cheat-lip-liner,charlotte-tilbury-lip-cheat-lip-liner,lip-cheat-lip-liner,,charlotte-tilbury,alta,explicita,delineador,no_declarado,,True,False,False,False,False,False,False,False,Charlotte Tilbury,Lip Cheat Lip Liner,19,0,11,1,19,False,False,62cffdc26236,completo
https://inkeedecoder.com/products/catrice-glass-like-gloss-stick,catrice-glass-like-gloss-stick,glass-like-gloss-stick,,catrice,economica,contextual,gloss,brillante,,True,False,False,False,False,False,False,False,Catrice,Glass Like Gloss Stick,22,0,12,1,22,False,False,c4f21f3e2af7,completo
https://inkeedecoder.com/products/mac-love-me-lipstick,mac-love-me-lipstick,love-me-lipstick,,mac,alta,explicita,barra,no_declarado,,True,False,False,False,False,False,False,False,MAC,Love Me Lipstick,37,0,6,1,37,False,False,e7740b1d4271,completo
https://inkeedecoder.com/products/charlotte-tilbury-glowgasm-lips,charlotte-tilbury-glowgasm-lips,glowgasm-lips,,charlotte-tilbury,alta,explicita,no_determinado,no_declarado,,True,False,False,False,False,False,False,False,Charlotte Tilbury,Glowgasm Lips,19,0,10,1,19,False,False,e2a9d698728e,completo
https://inkeedecoder.com/products/makeup-revolution-shimmer-lip-gloss,makeup-revolution-shimmer-lip-gloss,shimmer-lip-gloss,,revolution,economica,explicita,gloss,perlado,,True,False,False,False,False,False,False,False,Makeup Revolution,Shimmer Lip Gloss,15,0,9,1,16,False,False,4c2948ca3350,completo
https://inkeedecoder.com/products/catrice-matt-pro-ink-non-transfer-liquid-lipstick,catrice-matt-pro-ink-non-transfer-liquid-lipstick,matt-pro-ink-non-transfer-liquid-lipstick,,catrice,economica,explicita,liquido,mate,,True,False,False,True,False,False,False,False,Catrice,Matt Pro Ink Non-transfer Liquid Lipstick,21,0,9,1,21,False,False,107981ef8d43,completo
https://inkeedecoder.com/products/maybelline-baby-lips-lip-balm-anti-oxidant-berry,maybelline-baby-lips-lip-balm-anti-oxidant-berry,baby-lips-lip-balm-anti-oxidant-berry,,maybelline,economica,explicita,balsamo,no_declarado,,True,False,False,False,False,False,False,False,Maybelline,Baby Lips Lip Balm - Anti-Oxidant Berry,25,2,14,1,25,True,True,d4bcaad587f9,completo
https://inkeedecoder.com/products/essence-juicy-bomb-lip-oil,essence-juicy-bomb-lip-oil,juicy-bomb-lip-oil,,essence,economica,explicita,aceite,no_declarado,,True,False,False,False,False,True,False,False,Essence,Juicy Bomb Lip Oil,18,0,10,1,18,False,False,8f5e54fdd147,completo
https://inkeedecoder.com/products/e-l-f-5-mg-cbd-lip-oil,e-l-f-5-mg-cbd-lip-oil,5-mg-cbd-lip-oil,,elf,economica,explicita,aceite,no_declarado,,True,False,False,False,False,False,False,False,e.l.f.,5 Mg Cbd Lip Oil,14,0,9,1,14,False,False,569c548ed4a1,completo
https://inkeedecoder.com/products/essence-plumping-nudes-lipgloss,essence-plumping-nudes-lipgloss,plumping-nudes-lipgloss,,essence,economica,explicita,gloss,no_declarado,,True,True,False,False,False,False,False,False,Essence,Plumping Nudes Lipgloss,14,0,7,1,14,False,False,e0f93d50315c,completo
https://inkeedecoder.com/products/essence-juicy-bomb-shiny-lipgloss-13-im-allergic-to-color,essence-juicy-bomb-shiny-lipgloss-13-im-allergic-to-color,juicy-bomb-shiny-lipgloss,13-im-allergic-to-color,essence,economica,explicita,gloss,brillante,,True,False,False,False,False,True,False,False,Essence,Juicy Bomb Shiny Lipgloss - 13 I’m Allergic To Color,18,0,9,1,18,False,False,75e7a12a8b5b,completo
https://inkeedecoder.com/products/revlon-colorstay-satin-ink-lipstick,revlon-colorstay-satin-ink-lipstick,colorstay-satin-ink-lipstick,,revlon,economica,explicita,barra,satinado,,True,False,False,False,False,False,False,False,Revlon,Colorstay Satin Ink Lipstick,24,11,11,1,24,True,True,f86eb029de82,completo
https://inkeedecoder.com/products/maybelline-lifter-gloss-r-lip-gloss,maybelline-lifter-gloss-r-lip-gloss,lifter-gloss-r-lip-gloss,,maybelline,economica,explicita,gloss,brillante,,True,False,False,False,False,False,False,False,Maybelline,Lifter Gloss® Lip Gloss,31,13,10,1,31,True,True,153ceb1c8921,completo
https://inkeedecoder.com/products/mac-lustreglass-stainglass-lip-tint,mac-lustreglass-stainglass-lip-tint,lustreglass-stainglass-lip-tint,,mac,alta,explicita,tinte,no_declarado,,True,False,False,False,False,False,False,False,MAC,Lustreglass Stainglass Lip Tint,24,24,10,1,24,True,True,9b9b31adc029,completo
https://inkeedecoder.com/products/dior-addict-lip-maximizer-discontinued,dior-addict-lip-maximizer-discontinued,addict-lip-maximizer-discontinued,,dior,alta,explicita,no_determinado,no_declarado,,True,True,False,False,False,False,False,False,Dior,Addict Lip Maximizer,26,15,11,1,26,True,True,1489120ce064,completo
https://inkeedecoder.com/products/loreal-color-riche-le-lip-crayon,loreal-color-riche-le-lip-crayon,color-riche-le-lip-crayon,,loreal,economica,linea,delineador,no_declarado,,True,False,False,False,False,False,False,False,L'Oreal,Color Riche Le Lip Crayon,22,13,9,1,22,True,True,264b1ec0db16,completo
https://inkeedecoder.com/products/mac-lipglass-2,mac-lipglass-2,lipglass-2,,mac,alta,explicita,gloss,no_declarado,,True,False,False,False,False,False,False,False,MAC,Lipglass,22,20,8,1,22,True,True,e3c61b9434c1,completo
https://inkeedecoder.com/products/wet-n-wild-lip-treatment,wet-n-wild-lip-treatment,lip-treatment,,wet-n-wild,economica,explicita,balsamo,no_declarado,,True,False,False,False,False,False,False,False,Wet n Wild,Lip Treatment,30,4,16,1,30,True,True,d20d84e94d6b,completo
https://inkeedecoder.com/products/milani-amore-satin-matte-lip-cream,milani-amore-satin-matte-lip-cream,amore-satin-matte-lip-cream,,milani,economica,explicita,liquido,mate,,True,False,False,False,False,False,False,False,Milani,Amore Satin Matte Lip Cream,23,4,10,1,23,True,True,c23cf440b42b,completo
https://inkeedecoder.com/products/dior-addict-lip-tattoo-771-natural-berry,dior-addict-lip-tattoo-771-natural-berry,addict-lip-tattoo,771-natural-berry,dior,alta,explicita,tinte,no_declarado,,True,False,False,False,False,False,False,False,Dior,Addict Lip Tattoo,21,15,13,1,21,True,True,1990cf86946b,completo
https://inkeedecoder.com/products/chanel-rouge-allure-liquid-powder,chanel-rouge-allure-liquid-powder,rouge-allure-liquid-powder,,chanel,alta,contextual,liquido,no_declarado,,True,False,False,False,False,False,False,False,Chanel,Rouge Allure Liquid Powder,30,0,8,1,30,False,False,d851f9b93003,completo
https://inkeedecoder.com/products/too-faced-lip-injection-liquid-lipstick,too-faced-lip-injection-liquid-lipstick,lip-injection-liquid-lipstick,,too-faced,alta,explicita,liquido,no_declarado,,True,True,False,False,False,False,False,False,Too Faced,Lip Injection Liquid Lipstick,22,9,9,1,22,True,True,84dc7ae82830,completo
https://inkeedecoder.com/products/charlotte-tilbury-pillow-talk-love-effect-lipstick-k-i-s-s-i-n-g-naughty-talk,charlotte-tilbury-pillow-talk-love-effect-lipstick-k-i-s-s-i-n-g-naughty-talk,pillow-talk-love-effect-lipstick-k-i-s-s-i-n-g-naughty-talk,,charlotte-tilbury,alta,explicita,barra,no_declarado,,True,False,False,False,False,False,False,False,Charlotte Tilbury,Pillow Talk Love Effect Lipstick K.i.s.s.i.n.g - Naughty Talk,25,5,10,1,25,True,True,e430689118d8,completo
https://inkeedecoder.com/products/maybelline-cloudtopia-cheek-and-lip-mousse,maybelline-cloudtopia-cheek-and-lip-mousse,cloudtopia-cheek-and-lip-mousse,,maybelline,economica,explicita,liquido,no_declarado,cheek,True,False,False,False,False,False,False,False,Maybelline,Cloudtopia Cheek And Lip Mousse,10,7,5,1,10,True,True,cf7e3d0990ea,completo
https://inkeedecoder.com/products/essence-juicy-bomb-shiny-lipgloss-01-proud-pitaya,essence-juicy-bomb-shiny-lipgloss-01-proud-pitaya,juicy-bomb-shiny-lipgloss,01-proud-pitaya,essence,economica,explicita,gloss,brillante,,True,False,False,False,False,True,False,False,Essence,Juicy Bomb Shiny Lipgloss - 01 Proud Pitaya,17,0,11,1,17,False,False,71da1a9480b4,completo
https://inkeedecoder.com/products/catrice-drunkn-diamonds-plumping-lip-balm-010-guilty-treasure,catrice-drunkn-diamonds-plumping-lip-balm-010-guilty-treasure,drunkn-diamonds-plumping-lip-balm,010-guilty-treasure,catrice,economica,explicita,balsamo,no_declarado,,True,True,False,False,False,False,False,False,Catrice,Drunk'n Diamonds Plumping Lip Balm - 010 Guilty Treasure,38,0,13,1,38,False,False,19c95d12740f,completo
https://inkeedecoder.com/products/catrice-juicy-bomb-glossy-butter-balm-04-kiwi-to-my-heart,catrice-juicy-bomb-glossy-butter-balm-04-kiwi-to-my-heart,juicy-bomb-glossy-butter-balm,04-kiwi-to-my-heart,catrice,economica,linea,balsamo,brillante,,True,False,False,False,False,True,False,False,Catrice,Juicy Bomb Glossy Butter Balm 04 Kiwi To My Heart,26,0,10,1,26,False,False,e6178b293f84,completo
https://inkeedecoder.com/products/clinique-pop-lip-lipstick,clinique-pop-lip-lipstick,pop-lip-lipstick,,clinique,alta,explicita,barra,no_declarado,,True,False,False,False,False,False,False,False,Clinique,Pop Lip Lipstick,45,16,13,1,45,True,True,3c240ec91cf8,completo
https://inkeedecoder.com/products/essence-cool-collagen-plumping-lipstick,essence-cool-collagen-plumping-lipstick,cool-collagen-plumping-lipstick,,essence,economica,explicita,barra,no_declarado,,True,True,False,False,False,False,False,False,Essence,Cool Collagen Plumping Lipstick,27,0,11,1,27,False,False,03c8919e2e5d,completo
https://inkeedecoder.com/products/e-l-f-glow-reviver-melting-lip-balm,e-l-f-glow-reviver-melting-lip-balm,glow-reviver-melting-lip-balm,,elf,economica,explicita,balsamo,brillante,,True,False,False,False,False,False,False,False,e.l.f.,Glow Reviver Melting Lip Balm,29,5,11,1,29,True,True,0a07b139593e,completo
https://inkeedecoder.com/products/catrice-melt-shine-juicy-lip-balm-110-flaming-hearts,catrice-melt-shine-juicy-lip-balm-110-flaming-hearts,melt-shine-juicy-lip-balm,110-flaming-hearts,catrice,economica,explicita,balsamo,brillante,,True,False,False,False,False,True,False,False,Catrice,Melt & Shine Juicy Lip Balm 110 Flaming Hearts,25,0,9,1,25,False,False,e720a2249f45,completo
https://inkeedecoder.com/products/kiko-milano-ph-lip-enhancer,kiko-milano-ph-lip-enhancer,milano-ph-lip-enhancer,,kiko,economica,explicita,no_determinado,no_declarado,,True,False,False,False,False,False,False,False,KIKO Milano,pH Lip Enhancer,15,0,9,1,16,False,False,47f1d72f988b,completo
https://inkeedecoder.com/products/kiko-milano-coloured-balm,kiko-milano-coloured-balm,milano-coloured-balm,,kiko,economica,linea,balsamo,no_declarado,,True,False,False,False,False,False,False,False,KIKO Milano,Coloured Balm,25,0,9,1,25,False,False,74e2c0121cdd,completo
https://inkeedecoder.com/products/wet-n-wild-silk-finish-lipstick,wet-n-wild-silk-finish-lipstick,silk-finish-lipstick,,wet-n-wild,economica,explicita,barra,satinado,,True,False,False,False,False,False,False,False,Wet n Wild,Silk Finish Lipstick,24,15,12,1,24,True,True,d0c43f808dc2,completo
https://inkeedecoder.com/products/catrice-secret-garden-lip-oil-c03-secret-kiss,catrice-secret-garden-lip-oil-c03-secret-kiss,secret-garden-lip-oil-c03-secret-kiss,,catrice,economica,explicita,aceite,no_declarado,,True,False,False,False,False,False,False,False,Catrice,Secret Garden Lip Oil - C03 Secret Kiss,24,0,11,1,24,False,False,eb4ebedb54c7,completo
https://inkeedecoder.com/products/catrice-glitter-glam-glow-lip-balm,catrice-glitter-glam-glow-lip-balm,glitter-glam-glow-lip-balm,,catrice,economica,explicita,balsamo,glitter,,True,False,False,False,False,False,False,False,Catrice,Glitter Glam Glow Lip Balm,26,0,11,1,26,False,False,507e846a8781,completo
https://inkeedecoder.com/products/catrice-butter-drippin-glossy-lip-balm-03-pink-lemon-squeezin,catrice-butter-drippin-glossy-lip-balm-03-pink-lemon-squeezin,butter-drippin-glossy-lip-balm,03-pink-lemon-squeezin,catrice,economica,explicita,balsamo,brillante,,True,False,False,False,False,False,False,False,Catrice,Butter Drippin' Glossy Lip Balm 03 Pink Lemon Squeezin’,30,0,15,1,30,False,False,de86b76e5916,completo
https://inkeedecoder.com/products/nyx-fat-oil-slick-click-lip-balm,nyx-fat-oil-slick-click-lip-balm,fat-oil-slick-click-lip-balm,,nyx,economica,explicita,balsamo_con_aceite,no_declarado,,True,False,False,False,False,False,False,False,NYX,Fat Oil Slick Click Lip Balm,22,0,10,1,22,False,False,c00f19fa3d43,completo
https://inkeedecoder.com/products/essence-lip-care-booster-caring-lip-peeling,essence-lip-care-booster-caring-lip-peeling,lip-care-booster-caring-lip-peeling,,essence,economica,explicita,balsamo,no_declarado,,True,True,False,False,False,False,False,False,Essence,Lip Care Booster Caring Lip Peeling,22,0,11,1,22,False,False,7cf602551bb7,completo
https://inkeedecoder.com/products/loreal-dermo-expertise-collagen-filler-lip-double-action,loreal-dermo-expertise-collagen-filler-lip-double-action,dermo-expertise-collagen-filler-lip-double-action,,loreal,economica,explicita,no_determinado,no_declarado,,True,False,False,False,False,False,False,False,L'Oreal,Dermo-expertise Collagen Filler Lip Double Action,28,0,12,1,28,False,False,74d6778a0f9a,completo
https://inkeedecoder.com/products/laneige-glaze-craze-tinted-lip-serum,laneige-glaze-craze-tinted-lip-serum,glaze-craze-tinted-lip-serum,,laneige,alta,explicita,gloss,brillante,,True,False,False,False,False,False,False,False,LANEIGE,Glaze Craze Tinted Lip Serum,29,0,11,1,29,False,False,3b6cc8a118b7,completo
https://inkeedecoder.com/products/nyx-professional-makeup-duck-plump-retractable-plumping-lip-liner,nyx-professional-makeup-duck-plump-retractable-plumping-lip-liner,professional-makeup-duck-plump-retractable-plumping-lip-liner,,nyx,economica,explicita,delineador,no_declarado,,True,True,False,False,False,False,False,False,NYX Professional Makeup,Duck Plump Retractable Plumping Lip Liner,27,0,11,1,27,False,False,bbaa9c194e34,completo
https://inkeedecoder.com/products/essence-juicy-bomb-shiny-lipgloss-106-mellow-mango,essence-juicy-bomb-shiny-lipgloss-106-mellow-mango,juicy-bomb-shiny-lipgloss,106-mellow-mango,essence,economica,explicita,gloss,brillante,,True,False,False,False,False,True,False,False,Essence,Juicy Bomb Shiny Lipgloss 106 Mellow Mango,17,0,10,1,17,False,False,aef0c77cbf65,completo
https://inkeedecoder.com/products/benefit-cosmetics-benefit-love-tint,benefit-cosmetics-benefit-love-tint,cosmetics-benefit-love-tint,,benefit,alta,linea,tinte,no_declarado,,True,False,False,False,False,False,False,False,Benefit Cosmetics,Benefit Love Tint,29,0,13,1,42,False,False,43841b56dde8,completo
https://inkeedecoder.com/products/revolution-pro-protect-conditioning-lip-balm-spf-15,revolution-pro-protect-conditioning-lip-balm-spf-15,pro-protect-conditioning-lip-balm-spf,15,revolution,economica,explicita,balsamo,no_declarado,,True,False,False,False,False,False,False,True,Revolution Pro,Protect Conditioning Lip Balm SPF 15,9,0,7,1,9,False,False,1d0ae3114ce5,completo
https://inkeedecoder.com/products/nyx-professional-makeup-butter-gloss-bling,nyx-professional-makeup-butter-gloss-bling,professional-makeup-butter-gloss-bling,,nyx,economica,linea,gloss,brillante,,True,False,False,False,False,False,False,False,NYX Professional Makeup,Butter Gloss Bling,26,0,10,1,26,False,False,2f3e81c1f027,completo
https://inkeedecoder.com/products/dior-rouge-dior-forever-liquid-lacquer-lipstick,dior-rouge-dior-forever-liquid-lacquer-lipstick,rouge-dior-forever-liquid-lacquer-lipstick,,dior,alta,explicita,liquido,no_declarado,,True,False,True,False,False,False,False,False,Dior,Rouge Dior Forever Liquid Lacquer Lipstick,10,6,7,1,10,True,True,e516176bd3a5,completo
https://inkeedecoder.com/products/catrice-glossin-glow-tinted-lip-oil-050-spill-the-tea,catrice-glossin-glow-tinted-lip-oil-050-spill-the-tea,glossin-glow-tinted-lip-oil,050-spill-the-tea,catrice,economica,explicita,aceite,brillante,,True,False,False,False,False,False,False,False,Catrice,Glossin' Glow Tinted Lip Oil 050 Spill The Tea,12,0,8,1,12,False,False,43f5016aad60,completo
https://inkeedecoder.com/products/charlotte-tilbury-magic-lip-oil,charlotte-tilbury-magic-lip-oil,magic-lip-oil,,charlotte-tilbury,alta,explicita,aceite,no_declarado,,True,False,False,False,False,False,False,False,Charlotte Tilbury,Magic Lip Oil,46,0,13,1,46,False,False,1381f5db2975,completo
https://inkeedecoder.com/products/maybelline-new-york-maybelline-baby-lips-bloom-color-changing-lip-balm-pink-bloom,maybelline-new-york-maybelline-baby-lips-bloom-color-changing-lip-balm-pink-bloom,new-york-maybelline-baby-lips-bloom-color-changing-lip-balm-pink-bloom,,maybelline,economica,explicita,balsamo,no_declarado,,True,False,False,False,False,False,False,False,Maybelline New York,Maybelline Baby Lips Bloom Color Changing Lip Balm Pink Bloom,30,1,14,1,30,True,True,391def9a4b5e,completo
https://inkeedecoder.com/products/essence-the-slim-stick-lipstick,essence-the-slim-stick-lipstick,the-slim-stick-lipstick,,essence,economica,explicita,barra,no_declarado,,True,False,False,False,False,False,False,False,Essence,The Slim Stick Lipstick,21,0,6,1,21,False,False,30c97935fa26,completo
https://inkeedecoder.com/products/kiko-milano-bridgerton-ballroom-beauty-satin-shine-lipstick,kiko-milano-bridgerton-ballroom-beauty-satin-shine-lipstick,milano-bridgerton-ballroom-beauty-satin-shine-lipstick,,kiko,economica,explicita,barra,satinado,,True,False,False,False,False,False,False,False,KIKO Milano,Bridgerton Ballroom Beauty Satin Shine Lipstick,30,6,13,1,30,True,True,b6ce316c2563,completo
https://inkeedecoder.com/products/essence-hydra-kiss-lip-oil-classy-glassy,essence-hydra-kiss-lip-oil-classy-glassy,hydra-kiss-lip-oil-classy-glassy,,essence,economica,explicita,aceite,no_declarado,,True,False,False,False,False,True,False,False,Essence,Hydra Kiss Lip Oil Classy Glassy,17,0,9,1,17,False,False,cd57a56db082,completo
https://inkeedecoder.com/products/fenty-beauty-gloss-bomb-oil-luminizing-lip-oil-n-gloss,fenty-beauty-gloss-bomb-oil-luminizing-lip-oil-n-gloss,gloss-bomb-oil-luminizing-lip-oil-n-gloss,,fenty-beauty,alta,explicita,aceite,brillante,,True,False,False,False,False,False,False,False,Fenty Beauty,Gloss Bomb Oil Luminizing Lip Oil 'n Gloss,29,0,13,1,31,False,False,4999396ebd26,completo
https://inkeedecoder.com/products/essence-cute-as-shell-lip-balm,essence-cute-as-shell-lip-balm,cute-as-shell-lip-balm,,essence,economica,explicita,balsamo,no_declarado,,True,False,False,False,False,False,False,False,Essence,Cute As Shell Lip Balm,23,0,9,1,23,False,False,43fc0166aa50,completo
https://inkeedecoder.com/products/nyx-professional-makeup-duck-plump-high-pigment-lip-plumping-gloss,nyx-professional-makeup-duck-plump-high-pigment-lip-plumping-gloss,professional-makeup-duck-plump-high-pigment-lip-plumping-gloss,,nyx,economica,explicita,gloss,brillante,,True,True,False,False,False,False,False,False,NYX Professional Makeup,Duck Plump High Pigment Lip Plumping Gloss,29,0,13,1,29,False,False,91d2c0d128a4,completo
https://inkeedecoder.com/products/essence-extreme-shine-lipgloss,essence-extreme-shine-lipgloss,extreme-shine-lipgloss,,essence,economica,explicita,gloss,brillante,,True,False,False,False,False,False,False,False,Essence,Extreme Shine Lipgloss,25,0,8,1,25,False,False,cb6980814e9a,completo
https://inkeedecoder.com/products/catrice-melt-plump-juicy-lip-plumper-040-call-nine-wine-wine,catrice-melt-plump-juicy-lip-plumper-040-call-nine-wine-wine,melt-plump-juicy-lip-plumper,040-call-nine-wine-wine,catrice,economica,explicita,no_determinado,no_declarado,,True,True,False,False,False,True,False,False,Catrice,Melt & Plump Juicy Lip Plumper 040 Call Nine Wine Wine,25,0,12,1,25,False,False,0c5a8738ae12,completo
https://inkeedecoder.com/products/chanel-rouge-allure-lextrait,chanel-rouge-allure-lextrait,rouge-allure-lextrait,,chanel,alta,contextual,barra,no_declarado,,True,False,False,False,False,False,False,False,Chanel,Rouge Allure L’extrait,45,0,14,1,45,False,False,e4329c5e3ea9,completo
https://inkeedecoder.com/products/e-l-f-srsly-satin-lipstick-cider,e-l-f-srsly-satin-lipstick-cider,srsly-satin-lipstick-cider,,elf,economica,explicita,barra,satinado,,True,False,False,False,False,False,False,False,e.l.f.,Srsly Satin Lipstick (Cider),25,11,10,1,25,True,True,f18ebf97196f,completo
https://inkeedecoder.com/products/revlon-super-lustrous-glimmer-gloss,revlon-super-lustrous-glimmer-gloss,super-lustrous-glimmer-gloss,,revlon,economica,contextual,gloss,brillante,,True,False,False,False,False,False,False,False,Revlon,Super Lustrous Glimmer Gloss,34,0,12,1,34,False,False,b436cf775720,completo
https://inkeedecoder.com/products/essence-juicy-bomb-shiny-lipgloss-104-poppin-pomegranate,essence-juicy-bomb-shiny-lipgloss-104-poppin-pomegranate,juicy-bomb-shiny-lipgloss,104-poppin-pomegranate,essence,economica,explicita,gloss,brillante,,True,False,False,False,False,True,False,False,Essence,Juicy Bomb Shiny Lipgloss 104 Poppin’ Pomegranate,19,0,8,1,19,False,False,b63f04c3ad5a,completo
https://inkeedecoder.com/products/catrice-sparkle-glow-lip-balm,catrice-sparkle-glow-lip-balm,sparkle-glow-lip-balm,,catrice,economica,explicita,balsamo,glitter,,True,False,False,False,False,False,False,False,Catrice,Sparkle Glow Lip Balm,16,0,11,1,16,False,False,0752ee49e42a,completo
https://inkeedecoder.com/products/catrice-care-in-colours-lip-balm-girlboss,catrice-care-in-colours-lip-balm-girlboss,care-in-colours-lip-balm-girlboss,,catrice,economica,explicita,balsamo,no_declarado,,True,False,False,False,False,False,False,False,Catrice,Care In Colours Lip Balm Girlboss,14,0,6,1,14,False,False,a9a497f0cd0b,completo
https://inkeedecoder.com/products/wet-n-wild-perfect-pout-lip-liner-stain-spilled-wine,wet-n-wild-perfect-pout-lip-liner-stain-spilled-wine,perfect-pout-lip-liner-stain-spilled-wine,,wet-n-wild,economica,explicita,delineador,no_declarado,,True,False,False,False,False,False,False,False,Wet n Wild,Perfect Pout Lip Liner Stain – Spilled Wine,14,4,9,1,14,True,True,43092c9750c4,completo
https://inkeedecoder.com/products/revolution-pout-bomb-plumping-lip-liner,revolution-pout-bomb-plumping-lip-liner,pout-bomb-plumping-lip-liner,,revolution,economica,explicita,delineador,no_declarado,,True,True,False,False,False,False,False,False,Revolution,Pout Bomb Plumping Lip Liner,14,5,7,1,15,True,True,9f921f333c49,completo
https://inkeedecoder.com/products/loreal-paris-color-riche-les-nus-satin-lipstick,loreal-paris-color-riche-les-nus-satin-lipstick,paris-color-riche-les-nus-satin-lipstick,,loreal,economica,linea,barra,satinado,,True,False,False,False,False,False,False,False,L'Oreal Paris,Color Riche Les Nus Satin Lipstick,29,0,8,1,29,False,False,42fb2be3a329,completo
https://inkeedecoder.com/products/wet-n-wild-mega-inky-lip-color-bare-intentions,wet-n-wild-mega-inky-lip-color-bare-intentions,mega-inky-lip-color-bare-intentions,,wet-n-wild,economica,explicita,barra,no_declarado,,True,False,False,False,False,False,False,False,Wet n Wild,Mega Inky Lip Color | Bare Intentions,17,5,10,1,17,True,True,e5c243f15d8a,completo
https://inkeedecoder.com/products/maybelline-new-york-baby-lips-05-quenched,maybelline-new-york-baby-lips-05-quenched,new-york-baby-lips,05-quenched,maybelline,economica,explicita,no_determinado,no_declarado,,True,False,False,False,False,False,False,False,Maybelline New York,Baby Lips 05 Quenched,42,12,16,1,42,True,True,bf79508dab4f,completo
https://inkeedecoder.com/products/catrice-melt-shine-juicy-lip-balm,catrice-melt-shine-juicy-lip-balm,melt-shine-juicy-lip-balm,,catrice,economica,explicita,balsamo,brillante,,True,False,False,False,False,True,False,False,Catrice,Melt & Shine Juicy Lip Balm,25,0,9,1,25,False,False,1d29a28bb691,completo
https://inkeedecoder.com/products/nyx-professional-makeup-extra-creamy-round-lipstick,nyx-professional-makeup-extra-creamy-round-lipstick,professional-makeup-extra-creamy-round-lipstick,,nyx,economica,explicita,barra,cremoso,,True,False,False,False,False,False,False,False,NYX Professional Makeup,Extra Creamy Round Lipstick,18,9,9,1,18,True,True,8233c4065d94,completo
https://inkeedecoder.com/products/nyx-professional-makeup-butter-gloss-metallics-non-sticky-lip-gloss,nyx-professional-makeup-butter-gloss-metallics-non-sticky-lip-gloss,professional-makeup-butter-gloss-metallics-non-sticky-lip-gloss,,nyx,economica,linea,gloss,brillante,,True,False,False,False,False,False,False,False,NYX Professional Makeup,Butter Gloss Metallics Non Sticky Lip Gloss,28,0,10,1,28,False,False,2cc9356284c5,completo
https://inkeedecoder.com/products/catrice-drunkn-diamonds-plumping-lip-balm-040-a-girls-best-friend,catrice-drunkn-diamonds-plumping-lip-balm-040-a-girls-best-friend,drunkn-diamonds-plumping-lip-balm,040-a-girls-best-friend,catrice,economica,explicita,balsamo,no_declarado,,True,True,False,False,False,False,False,False,Catrice,Drunk'n Diamonds Plumping Lip Balm 040 A Girl’s Best Friend,39,0,13,1,39,False,False,3599a923e825,completo
https://inkeedecoder.com/products/loreal-colour-riche-satin-lipstick,loreal-colour-riche-satin-lipstick,colour-riche-satin-lipstick,,loreal,economica,linea,barra,satinado,,True,False,False,False,False,False,False,False,L'Oreal,Colour Riche Satin Lipstick,39,0,9,1,39,False,False,19daa98d261e,completo
https://inkeedecoder.com/products/maybelline-new-york-super-stay-ink-crayon,maybelline-new-york-super-stay-ink-crayon,new-york-super-stay-ink-crayon,,maybelline,economica,linea,barra,no_declarado,,True,False,True,False,False,False,False,False,Maybelline New York,Super Stay Ink Crayon,46,0,11,1,46,False,False,8e2e6651be9a,completo
https://inkeedecoder.com/products/clinique-superbalm-lip-treatment-can,clinique-superbalm-lip-treatment-can,superbalm-lip-treatment-can,,clinique,alta,explicita,balsamo,no_declarado,,True,False,False,False,False,False,False,False,Clinique,Superbalm Lip Treatment [CAN],25,0,13,1,25,False,False,547d8b30b728,completo
https://inkeedecoder.com/products/loreal-color-riche-satin-lipstick,loreal-color-riche-satin-lipstick,color-riche-satin-lipstick,,loreal,economica,linea,barra,satinado,,True,False,False,False,False,False,False,False,L'Oreal,Color Riche Satin Lipstick,36,16,10,1,36,True,True,31c0b673c63b,completo
https://inkeedecoder.com/products/nyx-matte-lip-cream,nyx-matte-lip-cream,matte-lip-cream,,nyx,economica,explicita,liquido,mate,,True,False,False,False,False,False,False,False,NYX,Matte Lip Cream,15,0,7,1,15,False,False,91a0ae23bc4f,completo
https://inkeedecoder.com/products/catrice-metaface-lip-glaze,catrice-metaface-lip-glaze,metaface-lip-glaze,,catrice,economica,explicita,gloss,brillante,,True,False,False,False,False,False,False,False,Catrice,Metaface Lip Glaze,12,0,7,1,12,False,False,8a48d787bfe4,completo
https://inkeedecoder.com/products/chanel-rouge-coco-flash,chanel-rouge-coco-flash,rouge-coco-flash,,chanel,alta,contextual,barra,no_declarado,,True,False,False,False,False,False,False,False,Chanel,Rouge Coco Flash,50,0,16,1,50,False,False,6a3feafb743a,completo
https://inkeedecoder.com/products/e-l-f-so-blurreal-lip-cheek-whip,e-l-f-so-blurreal-lip-cheek-whip,so-blurreal-lip-cheek-whip,,elf,economica,explicita,no_determinado,no_declarado,cheek,True,False,False,False,False,False,False,False,e.l.f.,So Blurreal Lip & Cheek Whip,16,5,9,1,16,True,True,cdf47dd5f287,completo
https://inkeedecoder.com/products/kiko-milano-gossamer-emotion-creamy-lipstick,kiko-milano-gossamer-emotion-creamy-lipstick,milano-gossamer-emotion-creamy-lipstick,,kiko,economica,explicita,barra,cremoso,,True,False,False,False,False,False,False,False,KIKO Milano,Gossamer Emotion Creamy Lipstick,26,11,13,1,26,True,True,f874e0787736,completo
https://inkeedecoder.com/products/catrice-butter-drippin-glossy-lip-balm,catrice-butter-drippin-glossy-lip-balm,butter-drippin-glossy-lip-balm,,catrice,economica,explicita,balsamo,brillante,,True,False,False,False,False,False,False,False,Catrice,Butter Drippin' Glossy Lip Balm,33,0,15,1,33,False,False,68341a2899cc,completo
https://inkeedecoder.com/products/catrice-ultimate-stay-waterfresh-lip-tint-030-never-let-you-down,catrice-ultimate-stay-waterfresh-lip-tint-030-never-let-you-down,ultimate-stay-waterfresh-lip-tint,030-never-let-you-down,catrice,economica,explicita,tinte,no_declarado,,True,False,True,False,False,False,False,False,Catrice,Ultimate Stay Waterfresh Lip Tint - 030 Never Let You Down,18,0,10,1,18,False,False,16abd938024c,completo
https://inkeedecoder.com/products/catrice-drunkn-diamonds-plumping-lip-balm-060-drunk-in-love,catrice-drunkn-diamonds-plumping-lip-balm-060-drunk-in-love,drunkn-diamonds-plumping-lip-balm,060-drunk-in-love,catrice,economica,explicita,balsamo,no_declarado,,True,True,False,False,False,False,False,False,Catrice,Drunk'n Diamonds Plumping Lip Balm 060 Drunk In Love,35,0,13,1,35,False,False,c416e08cb3e5,completo
https://inkeedecoder.com/products/essence-juicy-bomb-shiny-lipgloss-102-witty-watermelon,essence-juicy-bomb-shiny-lipgloss-102-witty-watermelon,juicy-bomb-shiny-lipgloss,102-witty-watermelon,essence,economica,explicita,gloss,brillante,,True,False,False,False,False,True,False,False,Essence,Juicy Bomb Shiny Lipgloss 102 Witty Watermelon,15,0,8,1,15,False,False,dfb299672255,completo
https://inkeedecoder.com/products/essence-pearly-potion-multi-reflective-lipgloss,essence-pearly-potion-multi-reflective-lipgloss,pearly-potion-multi-reflective-lipgloss,,essence,economica,explicita,gloss,perlado,,True,False,False,False,False,False,False,False,Essence,Pearly Potion Multi-Reflective Lipgloss,22,0,9,1,22,False,False,1ef806e069de,completo
https://inkeedecoder.com/products/maybelline-baby-lips-pink-punch,maybelline-baby-lips-pink-punch,baby-lips-pink-punch,,maybelline,economica,explicita,no_determinado,no_declarado,,True,False,False,False,False,False,False,False,Maybelline,Baby Lips Pink Punch,42,12,16,1,42,True,True,bf79508dab4f,completo
https://inkeedecoder.com/products/essence-extreme-care-hydrating-glossy-lip-balm-02-soft-peach,essence-extreme-care-hydrating-glossy-lip-balm-02-soft-peach,extreme-care-hydrating-glossy-lip-balm,02-soft-peach,essence,economica,explicita,balsamo,brillante,,True,False,False,False,False,True,False,False,Essence,Extreme Care Hydrating Glossy Lip Balm - 02 Soft Peach,27,0,13,1,27,False,False,a11133ee1ff7,completo
https://inkeedecoder.com/products/e-l-f-o-face-satin-lipstick,e-l-f-o-face-satin-lipstick,o-face-satin-lipstick,,elf,economica,explicita,barra,satinado,face,True,False,False,False,False,False,False,False,e.l.f.,O Face Satin Lipstick,38,0,12,1,38,False,False,8d2612ad3858,completo
https://inkeedecoder.com/products/revolution-rehab-plump-me-up-lip-serum-pink-glaze,revolution-rehab-plump-me-up-lip-serum-pink-glaze,rehab-plump-me-up-lip-serum-pink-glaze,,revolution,economica,explicita,gloss,brillante,,True,True,False,False,False,False,False,False,Revolution,Rehab Plump Me Up Lip Serum Pink Glaze,13,0,7,1,13,False,False,28ad087f08bf,completo
https://inkeedecoder.com/products/mac-lipglass-blow-plumping-oil,mac-lipglass-blow-plumping-oil,lipglass-blow-plumping-oil,,mac,alta,explicita,aceite,no_declarado,,True,True,False,False,False,False,False,False,MAC,Lipglass Blow Plumping Oil,28,19,12,1,28,True,True,512ad24218ba,completo
https://inkeedecoder.com/products/revolution-relove-baby-lipstick,revolution-relove-baby-lipstick,relove-baby-lipstick,,revolution,economica,explicita,barra,no_declarado,,True,False,False,False,False,False,False,False,Revolution,Relove Baby Lipstick,21,5,9,1,23,True,True,8d189081973c,completo
https://inkeedecoder.com/products/fenty-beauty-velvet-liquid-lipstick,fenty-beauty-velvet-liquid-lipstick,velvet-liquid-lipstick,,fenty-beauty,alta,explicita,liquido,mate,,True,False,False,False,False,False,False,False,Fenty Beauty,Velvet Liquid Lipstick,14,0,6,1,16,False,False,a24ee41668f3,completo
https://inkeedecoder.com/products/essence-juicy-berry-tinted-lip-cheek-balm,essence-juicy-berry-tinted-lip-cheek-balm,juicy-berry-tinted-lip-cheek-balm,,essence,economica,explicita,balsamo,no_declarado,cheek,True,False,False,False,False,True,False,False,Essence,Juicy Berry Tinted Lip & Cheek Balm,20,0,10,1,20,False,False,916f170a2538,completo
https://inkeedecoder.com/products/fenty-beauty-gloss-bomb-cream-color-drip-lip-cream,fenty-beauty-gloss-bomb-cream-color-drip-lip-cream,gloss-bomb-cream-color-drip-lip-cream,,fenty-beauty,alta,explicita,gloss,brillante,,True,False,False,False,False,False,False,False,Fenty Beauty,Gloss Bomb Cream Color Drip Lip Cream,22,4,12,1,22,True,True,2eea2a2dbda0,completo
https://inkeedecoder.com/products/kiko-milano-drop-lip-balm-6,kiko-milano-drop-lip-balm-6,milano-drop-lip-balm-6,,kiko,economica,explicita,balsamo,no_declarado,,True,False,False,False,False,False,False,False,KIKO Milano,Drop Lip Balm,16,0,7,1,16,False,False,e0b1a3fc162d,completo
https://inkeedecoder.com/products/essence-birthday-bomb-shiny-lipgloss,essence-birthday-bomb-shiny-lipgloss,birthday-bomb-shiny-lipgloss,,essence,economica,explicita,gloss,brillante,,True,False,False,False,False,False,False,False,Essence,Birthday Bomb Shiny Lipgloss,17,0,10,1,17,False,False,14f37897f2d4,completo
https://inkeedecoder.com/products/catrice-holiday-lips-caring-lip-balm-spf-25-summer-nights,catrice-holiday-lips-caring-lip-balm-spf-25-summer-nights,holiday-lips-caring-lip-balm-spf,25-summer-nights,catrice,economica,explicita,balsamo,no_declarado,,True,False,False,False,False,False,False,True,Catrice,Holiday Lips Caring Lip Balm SPF 25 Summer Nights,24,0,11,1,24,False,False,9d9ba797f611,completo
https://inkeedecoder.com/products/kiko-milano-street-heart-pump-up-the-volume-lip-liner,kiko-milano-street-heart-pump-up-the-volume-lip-liner,milano-street-heart-pump-up-the-volume-lip-liner,,kiko,economica,explicita,delineador,no_declarado,,True,True,False,False,False,False,False,False,KIKO Milano,Street Heart Pump Up The Volume! Lip Liner,17,4,10,1,17,True,True,55de4cc34fee,completo
https://inkeedecoder.com/products/m-a-c-retro-matte-lipstick-in-ruby-woo,m-a-c-retro-matte-lipstick-in-ruby-woo,retro-matte-lipstick-in-ruby-woo,,mac,alta,explicita,barra,mate,,True,False,False,False,False,False,False,False,M.A.C,Retro Matte Lipstick in Ruby Woo,18,14,8,1,18,True,True,05b833ac4e2b,completo
https://inkeedecoder.com/products/makeup-revolution-rehab-overnight-lip-serum,makeup-revolution-rehab-overnight-lip-serum,rehab-overnight-lip-serum,,revolution,economica,explicita,balsamo,no_declarado,,True,False,False,False,False,False,True,False,Makeup Revolution,Rehab Overnight Lip Serum,25,0,12,1,25,False,False,9f30ab191563,completo
https://inkeedecoder.com/products/chanel-rouge-coco-bloom,chanel-rouge-coco-bloom,rouge-coco-bloom,,chanel,alta,contextual,barra,no_declarado,,True,False,False,False,False,False,False,False,Chanel,Rouge Coco Bloom,40,0,12,1,40,False,False,4fb6c8a8d3ef,completo
https://inkeedecoder.com/products/dior-lip-glow-butter-hydrating-gloss-balm,dior-lip-glow-butter-hydrating-gloss-balm,lip-glow-butter-hydrating-gloss-balm,,dior,alta,explicita,balsamo,brillante,,True,False,False,False,False,True,False,False,Dior,Lip Glow Butter Hydrating Gloss Balm,34,5,15,1,34,True,True,7268caaaeb13,completo
https://inkeedecoder.com/products/laneige-glaze-craze-tinted-lip-serum-cinnamon-sugar,laneige-glaze-craze-tinted-lip-serum-cinnamon-sugar,glaze-craze-tinted-lip-serum-cinnamon-sugar,,laneige,alta,explicita,gloss,brillante,,True,False,False,False,False,False,False,False,LANEIGE,Glaze Craze Tinted Lip Serum (cinnamon Sugar),27,0,11,1,27,False,False,e127777a7515,completo
https://inkeedecoder.com/products/catrice-secret-garden-matte-lipstick,catrice-secret-garden-matte-lipstick,secret-garden-matte-lipstick,,catrice,economica,explicita,barra,mate,,True,False,False,False,False,False,False,False,Catrice,Secret Garden Matte Lipstick,26,0,10,1,26,False,False,3fa37b989797,completo
https://inkeedecoder.com/products/essence-this-is-nude-lipstick-crazy,essence-this-is-nude-lipstick-crazy,this-is-nude-lipstick-crazy,,essence,economica,explicita,barra,no_declarado,,True,False,False,False,False,False,False,False,Essence,This Is Nude Lipstick - Crazy,22,0,8,1,22,False,False,7c30b0c4337b,completo
https://inkeedecoder.com/products/fenty-gloss-bomb-ice-cooling-lip-luminizer,fenty-gloss-bomb-ice-cooling-lip-luminizer,gloss-bomb-ice-cooling-lip-luminizer,,fenty-beauty,alta,explicita,gloss,brillante,,True,False,False,False,False,False,False,False,Fenty,Gloss Bomb Ice Cooling Lip Luminizer,24,0,8,1,24,False,False,cca70df10ca8,completo
